0,24.134,18.934,55.172,38.246,28.717,51.199,47.932,52.402,25.017,12.492,23.448,14.765,23.424,18.351,8.5959,22.549,17.093,9.1678,20.476,19.508,24.663,14.125,13.351,9.4243,23.153,23.392,11.615,16.089,20.329,21.563,56.991,15.107,18.145,9.581,13.259,12.173,12.13,18.276,17.205,23.12,38.121,12.092,20.248,21.805,20.67,17.391,23.004,22.338,20.129,12.146,11.227,22.642,24.651,19.626,15.409,19.672,16.792,20.083,13.778,11.91,17.66,14.092,24.401,17.214,13.652,20.343,18.187,17.946,12.7,18.301,16.416,17.854,15.557,16.867,16.432,20.883,18.941,19.928,18.706,16.23,16.205,17.268,10.849,17.883,12.424,13.088,19.408,14.558,19.31,17.87,19.811,18.754,17.481,18.914,19.03,19.197,20.735,19.413
24.134,0,11.981,45.929,44.494,28.969,31.648,27.99,29.377,30.275,20.579,14.449,25.254,15.935,9.9113,22.246,13.012,10.576,24.723,17.909,20.177,9.4609,19.841,18.69,24.285,15.188,11.997,19.372,19.835,12.188,17.904,47.219,23.22,26.417,27.21,19.679,27.549,19.27,11.54,12.268,9.0219,44.95,21.218,10.772,14.163,12.531,19.906,12.164,14.653,16.742,20.519,21.383,12.833,11.914,15.801,19.688,11.031,20.115,11.707,20.796,23.236,11.318,20.069,14.661,12.277,19.208,13.39,13.861,13.237,22.462,13.584,15.495,13.18,20.092,26.166,11.833,11.376,11.787,17.232,25.479,13.097,13.904,13.667,23.192,19.144,24.919,21.863,12.576,21.798,25.516,15.397,15.457,12.734,13.208,25.976,11.681,22.754,14.862,23.196
18.934,11.981,0,54.563,43.16,28.846,39.413,29.195,52.362,33.271,18.635,9.2881,22.476,10.541,8.8031,20.126,9.2606,8.691,22.353,13.014,13.544,11.178,18.791,17.469,21.702,8.9799,7.8969,18.275,18.576,11.94,13.657,59.307,22.096,22.642,23.207,17.516,25.666,17.806,7.9546,8.6495,9.7263,43.873,19.583,13.263,15.021,13.81,18.661,12.978,15.666,19.436,18.883,19.114,14.407,15.977,17.328,18.072,12.146,17.569,14.102,18.813,21.678,12.323,18.302,23.647,12.886,17.337,15.87,13.305,10.097,20.469,10.93,14.099,16.76,18.966,24.605,11.525,12.452,11.045,15.335,16.522,9.9846,10.498,12.725,21.647,11.865,23.562,21.291,13.553,21.201,23.929,14.659,11.408,9.7825,12.672,22.403,10.883,19.391,10.035,15.797
55.172,45.929,54.563,0,68.745,38.21,27.389,21.979,19.844,42.119,39.556,30.188,38.571,30.723,34.452,43.942,30.77,35.904,45.138,30.687,31.121,30.811,42.094,40.135,44.433,30.766,31.821,40.34,44.204,35.824,32.286,23.289,46.974,38.08,46.907,38.697,46.41,43.95,33.685,33.513,31.928,68.92,42.509,36.091,38.306,36.498,42.13,34.84,33.795,42.184,41.393,43.09,35.307,36.912,40.002,39.234,36.311,39.762,36.126,41.776,43.849,35.762,42.77,32.148,37.109,41.785,37.337,37.694,32.691,47.857,36.38,46.137,38.559,42.319,43.299,36.282,36.84,36.505,34.197,41.031,37.917,35.209,38.65,47.984,37.223,49.025,45.721,37.463,46.66,40.303,37.739,34.367,33.974,38.522,40.212,36.701,40.29,34.075,38.673
38.246,44.494,43.16,68.745,0,48.757,58.185,58.535,58.663,50.336,36.15,40.617,36.046,40.918,37.859,35.108,39.887,37.826,34.394,39.638,38.745,40.092,37.549,37.479,34.965,40.176,39.415,36.427,38.197,39.258,38.252,61.558,33.62,38.054,34.358,37.912,33.021,35.839,39.111,39.964,39.258,1.6965,34.638,38.7,36.441,38.267,37.545,39.476,38.841,38.316,37.802,36.719,36.52,36.12,35.272,36.447,39.382,38.256,38.014,35.752,35.284,36.365,35.235,39.609,35.03,33.582,36.687,38.242,38.63,32.397,34.294,32.809,34.352,35.043,36.771,34.444,34.991,34.688,35.515,35.66,35.071,36.03,33.488,31.985,36.344,32.007,36.443,34.362,33.618,35.265,34.648,35.447,36.232,33.156,36.116,35.162,34.666,36.612,36.242
28.717,28.969,28.846,38.21,48.757,0,35.936,39.087,40.24,28.101,24.911,27.545,26.984,28.772,26.74,25.387,28.796,26.617,26.931,26.637,27.121,29.424,24.811,23.956,25.946,27.629,26.531,24.027,26.428,27.889,29.589,52.531,22.999,22.621,27.578,24.91,29.542,23.611,26.046,27.443,29.159,51.815,28.323,31.38,29.803,30.087,26.17,33.643,32.947,32.077,25.784,26.379,29.864,30.558,31.018,25.446,30.094,26.008,32.484,24.833,29.147,28.738,23.825,29.153,30.05,27.115,32.805,27.689,28.249,27.931,31.002,30.09,32.984,28.152,24.913,30.137,31.667,30.687,29.499,26.325,28.534,28.363,30.367,26.912,27.842,28.057,26.103,33.084,26.51,27.931,31.2,30.651,29.444,30.116,27.214,29.271,28.68,28.837,28.285
51.199,31.648,39.413,27.389,58.185,35.936,0,29.278,32.008,29.752,36.163,35.422,35.259,35.338,27.384,37.657,30.211,27.111,38.337,32.422,35.142,31.846,25.59,25.848,38.268,30.279,29.636,26.285,25.538,30.943,33.42,29.559,35.012,35.29,38.955,24.997,41.156,27.837,34.699,25.493,30.038,63.775,29.475,29.854,37.003,31.641,26.362,33.453,38.77,34.664,25.442,27.772,37.36,31.871,31.852,37.093,28.352,24.635,33.587,27.618,37.052,36.311,28.126,40.416,35.574,28.848,34.201,31.959,35.32,38.956,36.397,38.879,38.325,28.059,36.999,37.364,38.277,38.834,36.981,37.15,36.558,35.421,39.303,39.561,36.017,39.51,28.525,34.612,33.962,38.108,33.892,33.427,35.07,38.076,37.181,37.484,37.404,34.992,37.032
47.932,27.99,29.195,21.979,58.535,39.087,29.278,0,26.456,36.121,35.33,27.228,34.973,26.494,31.124,37.81,28.711,30.128,38.192,29.279,28.979,26.674,37.517,36.364,37.397,28.473,29.004,35.205,38.265,31.243,26.317,42.107,40.956,36.215,37.768,35.608,40.772,36.475,29.06,28.342,29.866,63.87,37.853,30.199,31.993,31.713,37.399,30.488,30.405,38.238,36.511,37.521,30.124,32.037,33.953,35.928,31.746,35.18,30.061,36.933,36.73,31.015,37.539,29.104,31.2,38.382,32.549,31.368,26.78,38.28,30.778,39.187,33.968,36.982,40.197,32.45,30.666,32.272,37.381,36.706,30.895,30.507,38.825,39.657,29.908,40.488,38.612,32.111,39.181,37.12,31.777,30.514,29.119,32.744,36.455,31.734,37.215,29.309,36.002
52.402,29.377,52.362,19.844,58.663,40.24,32.008,26.456,0,36.406,34.567,24.758,38.939,24.777,27.2,36.709,25.468,28.411,43.397,36.177,37.47,26.403,33.933,32.688,42.837,24.953,25.31,34.228,34.15,30.104,37.061,19.023,39.149,38.728,43.447,33.264,44.383,33.979,27.531,27.762,26.196,65.68,35.791,29.165,31.644,29.551,34.156,28.52,29.93,34.49,33.719,33.975,31.608,32.335,34.414,33.866,28.465,32.852,31.774,35.714,42.524,31.353,35.124,26.022,31.586,35.337,31.751,30.525,27.992,43.688,32.777,33.62,34.511,36.19,39.744,32.351,32.047,31.849,39.082,39.614,29.572,29.937,32.863,40.845,38.918,43.648,37.87,32.428,38.542,40.025,33.671,30.06,29.511,32.911,39.391,30.261,39.648,28.788,39.525
25.017,30.275,33.271,42.119,50.336,28.101,29.752,36.121,36.406,0,23.6,26.517,28.852,26.131,27.443,22.335,26.835,26.09,20.852,27.29,24.725,28.124,25.07,23.795,20.964,26.691,26.574,23.494,26.173,25.028,30.274,36.093,26.531,24.708,21.112,23.399,25.549,24.07,25.885,26.298,28.11,54.233,24.769,27.928,27.181,29.002,26.898,29.011,30.02,27.72,23.858,23.2,28.279,29.495,29.591,26.323,27.489,26.098,28.857,25.012,24.336,27.286,25.404,28.992,27.712,26.42,28.491,26.996,24.939,29.54,28.363,30.411,28.175,26.813,29.018,27.862,28.329,29.148,30.139,29.071,27.663,26.967,29.72,28.082,27.336,30.37,24.765,28.804,26.999,30.242,28.102,28.631,27.95,28.705,29.094,28.295,31.118,29.42,30.15
12.492,20.579,18.635,39.556,36.15,24.911,36.163,35.33,34.567,23.6,0,23.891,11.371,23.953,17.226,10.197,19.902,16.633,11.096,22.36,20.508,34.512,10.471,8.7759,12.123,18.922,18.899,6.4977,11.557,18.399,22.365,57.993,15.134,17.302,13.391,7.9767,16.574,8.9249,17.851,17.195,24.994,39.808,8.5461,20.046,18.353,19.402,11.138,25.146,18.459,21.894,8.2967,9.1549,18.443,17.119,18.679,9.2772,20.841,11.341,20.046,9.6352,11.596,17.996,9.2127,22.659,17.935,8.0091,19.404,19.069,19.932,9.211,19.222,17.247,19.01,10.454,18.029,18.48,19.011,19.035,20.907,19.206,20.479,20.437,19.568,12.403,19.233,15.553,13.803,19.943,13.261,19.861,20.912,20.003,20.325,18.308,19.724,19.679,20.12,20.748,21.018
23.448,14.449,9.2881,30.188,40.617,27.545,35.422,27.228,24.758,26.517,23.891,0,24.039,10.866,11.018,21.311,9.2062,13.346,23.147,14.571,14.767,9.6571,18.783,18.005,23.365,6.8608,8.4313,18.799,19.421,15.964,13.743,59.483,23.568,25.191,24.813,18.005,27.523,19.593,11.393,12.314,9.9628,45.952,19.385,16.659,16.397,17.092,18.778,13.958,17.572,20.326,19.721,20.095,16.365,17.254,20.242,18.087,14.683,18.232,16.411,19.771,23.128,15.521,19.765,13.115,16.013,18.25,19.073,15.303,10.765,21.13,16.044,15.557,18.224,20.279,26.43,14.278,16.284,14.774,15.636,18.67,12.928,14.72,15.988,22.916,14.9,25.957,22.14,17.359,22.251,25.167,18.203,14.802,12.152,16.736,25.418,15.332,18.302,14.086,17.596
14.765,25.254,22.476,38.571,36.046,26.984,35.259,34.973,38.939,28.852,11.371,24.039,0,23.27,24.046,14.488,22.709,24.176,13.834,20.271,16.726,32.971,20.49,21.953,12.796,23.909,21.605,12.049,19.964,25.211,20.411,56.941,18.49,14.61,14.178,22.025,15.978,21.694,24.19,26.203,26.546,39.415,23.865,25.774,20.809,26.006,22.92,23.783,26.905,24.964,21.526,19.98,25.406,24.644,24.906,13.086,26.028,22.136,27.108,21.556,13.071,21.225,21.772,22.469,20.254,21.424,24.577,25.28,20.812,13.28,17.193,17.288,23.721,21.221,15.679,21.419,23.151,22.693,20.845,18.842,19.34,18.705,19.786,15.195,15.723,13.839,22.177,22.853,21.221,17.707,19.945,21.5,20.053,17.01,15.835,22.503,18.836,21.487,20.748
23.424,15.935,10.541,30.723,40.918,28.772,35.338,26.494,24.777,26.131,23.953,10.866,23.27,0,12.234,20.936,9.5,11.664,23.799,14.558,14.979,11.105,19.52,18.381,23.276,9.6224,8.738,19.365,19.362,15.668,14.169,61.307,24.191,24.508,25.795,18.809,27.225,19.348,10.881,12.437,10.518,45.62,20.24,16.51,16.086,17.042,20.088,14.967,18.32,20.814,19.842,20.36,16.063,16.901,20.171,18.166,16.408,18.878,17.493,19.999,22.728,15.741,19.686,13.272,15.564,19.057,19.111,15.208,10.91,21.696,15.385,16.401,19.667,20.158,26.812,16.048,16.577,15.971,15.447,17.075,13.843,14.423,16.708,23.777,14.59,25.946,22.498,18.355,22.325,25.505,18.571,14.288,12.032,16.68,25.309,16.622,17.465,14.357,16.644
18.351,9.9113,8.8031,34.452,37.859,26.74,27.384,31.124,27.2,27.443,17.226,11.018,24.046,12.234,0,20.191,10.099,8.6197,22.523,15.246,15.514,9.9604,17.562,16.633,22.928,10.314,8.6933,16.685,18.129,11.57,16.132,58.349,20.731,23.85,23.882,17.282,25.59,17.127,8.744,8.6827,7.1991,43.529,19.38,12.424,12.824,13.379,17.011,11.43,14.958,17.502,18.87,18.954,12.447,13.668,15.409,17.304,10.615,17.636,14.35,18.667,21.848,10.928,16.903,22.296,11.57,16.67,14.38,12.675,11.901,19.503,12.059,14.048,15.463,18.326,24.45,10.706,11.211,10.24,15.557,18.057,10.949,12.642,12.382,21.888,14.28,23.541,20.797,12.973,20.371,23.58,14.791,12.492,12.26,12.397,23.519,10.619,22.999,11.485,19.757
8.5959,22.246,20.126,43.942,35.108,25.387,37.657,37.81,36.709,22.335,10.197,21.311,14.488,20.936,20.191,0,18.745,17.184,9.8301,20.604,20.48,25.996,10.203,11.008,11.951,18.117,18.135,9.8822,11.885,19.187,21.946,59.377,13.999,19.87,11.575,10.612,15.18,10.342,19.194,17.862,18.521,38.577,9.9798,20.577,15.962,21.277,14.076,22.657,21.576,18.781,9.9272,8.9539,18.109,19.013,19.875,12.42,19.717,13.014,19.599,9.2392,10.853,16.377,10.91,21.34,16.212,10.959,18.971,17.833,16.064,11.872,17.713,16.828,19,12.589,19.194,15.63,20.658,18.067,19.534,18.617,16.019,18.104,18.322,7.8279,18.601,14.587,10.696,18.298,10.495,19.174,19.318,19.874,16.82,16.2,19.473,18.131,19.294,19.313,19.932
22.549,13.012,9.2606,30.77,39.887,28.796,30.211,28.711,25.468,26.835,19.902,9.2062,22.709,9.5,10.099,18.745,0,12.189,23.603,16.411,16.313,12.286,19.031,17.589,23.636,9.36,8.0495,19.098,19.192,14.392,14.221,59.081,23.268,23.925,24.812,18.277,26.993,18.504,10.842,12.311,9.6414,44.911,20,14.8,14.919,15.953,19.559,14.373,17.385,19.462,19.192,19.624,15.512,15.587,19.435,18.617,14.594,18.494,16.371,20.067,21.7,14.728,19.539,10.853,15.52,18.19,16.921,15.267,10.875,21.2,15.442,16.814,16.666,19.967,25.677,14.456,14.61,15.148,14.748,17.716,11.509,11.982,15.337,22.367,14.48,25.414,22.401,15.866,21.513,23.69,17.285,13.424,12.282,15.925,23.948,15.477,16.972,13.622,16.391
17.093,10.576,8.691,35.904,37.826,26.617,27.111,30.128,28.411,26.09,16.633,13.346,24.176,11.664,8.6197,17.184,12.189,0,21.168,16.843,16.522,22.913,16.363,16.533,20.438,15.516,9.2527,15.823,16.806,9.9812,22.919,58.126,19.879,24.104,21.953,15.571,24.898,16.498,8.8885,9.1802,10.557,43.356,17.98,13.435,12.664,13.365,16.154,22.338,20.512,23.256,17.57,17.659,14.051,15.474,13.882,15.82,10.81,16.692,14.188,17.322,20.084,14.007,16.031,24.481,10.261,16.169,22.348,22.597,23.778,18.398,12.102,16.072,13.601,17.744,23.793,20.202,16.547,14.489,22.729,20.608,12.435,20.232,21.55,20.233,15.566,22.61,19.535,18.686,19.089,23.668,23.228,22.726,17.012,14.951,23.689,17.733,20.7,18.414,23.288
9.1678,24.723,22.353,45.138,34.394,26.931,38.337,38.192,43.397,20.852,11.096,23.147,13.834,23.799,22.523,9.8301,23.603,21.168,0,20.789,19.533,27.124,12.742,12.8,9.8894,23.74,23.025,10.505,15.306,17.565,21.752,56.217,14.387,18.502,7.8306,11.99,11.991,11.161,19.175,19.059,24.941,37.961,10.585,20.388,15.621,19.87,14.958,22.232,20.211,19.638,11.542,10.507,19.491,19.966,17.762,13.818,19.316,15.955,19.182,12.439,10.771,18.359,12.182,23.61,16.175,12.629,18.512,17.661,17.546,11.76,18.221,16.669,17.476,14.648,19.276,17.505,19.529,17.869,19.474,18.514,16.966,17.292,18.2,9.9967,17.377,12.779,12.659,18.22,13.217,19.467,19.163,20.916,18.722,17.428,19.138,18.646,19.34,20.373,19.531
20.476,17.909,13.014,30.687,39.638,26.637,32.422,29.279,36.177,27.29,22.36,14.571,20.271,14.558,15.246,20.604,16.411,16.843,20.789,0,11.222,14.27,19.276,19.787,21.205,11.056,12.193,19.542,19.334,18.518,13.772,57.611,24.038,17.37,22.783,18.66,24.368,20.846,11.905,14.125,13.633,43.409,20.311,17.476,17.273,18.092,18.758,15.991,16.255,23.633,20.715,20.604,15.289,16.479,20.635,18.009,17.806,20.536,18.545,20.583,21.226,14.917,21.684,13.558,15.988,19.418,18.525,16.367,11.816,20.548,13.552,15.946,17.583,19.942,22.773,14.585,15.641,14.98,11.447,13.074,12.339,12.251,14.879,22.449,12.31,23.798,23.522,16.551,23.102,17.567,17.249,13.254,11.434,16.171,18.589,15.775,12.249,13.287,11.114
19.508,20.177,13.544,31.121,38.745,27.121,35.142,28.979,37.47,24.725,20.508,14.767,16.726,14.979,15.514,20.48,16.313,16.522,19.533,11.222,0,19.767,16.493,17.475,18.218,10.601,10.682,17.318,17.571,17.912,11.895,56.126,22.516,17.628,20.121,16.302,21.769,18.178,10.583,15.393,21.361,42.833,17.929,19.114,16.5,19.068,24.075,22.822,16.282,20.988,18.908,18.065,15.868,17.487,18.518,16.449,20.566,20.751,18.184,19.004,19.256,15.078,19.319,21.112,15.529,17.327,18.304,20.748,10.668,19.398,12.766,14.91,17.416,19.121,20.718,14.504,14.247,14.49,8.6977,10.229,11.971,10.791,13.79,19.515,8.2283,20.469,20.925,15.407,21.043,14.73,16.018,12.549,11.023,15.033,15.851,13.963,9.6595,12.178,9.5107
24.663,9.4609,11.178,30.811,40.092,29.424,31.846,26.674,26.403,28.124,34.512,9.6571,32.971,11.105,9.9604,25.996,12.286,22.913,27.124,14.27,19.767,0,21.921,21.601,26.371,12.875,11.12,22.595,22.347,18.489,16.512,36.449,25.698,28.322,29.583,22.093,28.935,22.709,15.251,12.182,15.281,46.633,23.623,16.291,18.32,16.048,22.922,13.583,15.722,19.205,23.106,23.299,14.321,14.365,18.419,21.609,14.92,21.993,15.536,22.548,26.916,15.815,22.444,15.048,14.015,22.629,17.089,16.872,12.45,24.577,17.524,17.503,17.568,23.583,29.393,14.948,14.967,15.382,20.014,27.738,18.058,15.911,15.838,25.863,20.863,27.688,24.42,17.069,24.597,27.639,18.078,15.07,14.214,16.871,27.865,15.487,27.707,15.771,23.348
14.125,19.841,18.791,42.094,37.549,24.811,25.59,37.517,33.933,25.07,10.471,18.783,20.49,19.52,17.562,10.203,19.031,16.363,12.742,19.276,16.493,21.921,0,9.0254,16.624,20.111,20.524,8.5968,6.6802,19.673,17.51,38.275,15.028,21.18,16.935,8.7581,21.626,10.515,19.317,17.7,21.887,41.687,10.578,19.422,18.06,19.773,11.742,24.163,22.684,21.014,8.0846,10.253,19.12,18.518,18.711,10.82,18.835,9.0156,21.992,8.241,14.187,18.228,9.0206,22.726,18.48,10.007,21.63,20.669,20.456,12.433,19.208,19.362,19.268,9.7105,20.254,18.919,23.837,21.574,21.637,20.999,20.256,19.82,21.775,14.28,21.748,20.185,9.2049,20.816,12.281,21.931,21.219,23.659,21.101,19.1,21.107,19.708,17.806,21.988,18.458
13.351,18.69,17.469,40.135,37.479,23.956,25.848,36.364,32.688,23.795,8.7759,18.005,21.953,18.381,16.633,11.008,17.589,16.533,12.8,19.787,17.475,21.601,9.0254,0,13.97,19.152,21.044,8.6705,10.335,18.233,23.17,35.253,15.742,21.329,16.68,8.0663,21.612,8.2945,18.029,16.785,22.584,41.571,9.6473,18.131,20.456,17.717,11.496,23.185,21.138,20.603,9.0028,10.563,17.601,16.671,17.4,10.069,19.469,10.686,20.527,10.663,14.325,18.545,10.875,21.517,18.792,9.5415,18.446,20.555,20.809,12.041,20.341,20.227,18.61,12.402,20.626,18.059,19.792,19.093,23.459,21.512,20.372,20.443,19.772,13.774,22.312,19.461,11.784,19.521,12.952,20.76,20.285,21.32,20.865,19.68,20.926,20.165,15.135,20.146,15.418
9.4243,24.285,21.702,44.433,34.965,25.946,38.268,37.397,42.837,20.964,12.123,23.365,12.796,23.276,22.928,11.951,23.636,20.438,9.8894,21.205,18.218,26.371,16.624,13.97,0,24.489,23.96,11.383,15.592,23.14,21.819,57.469,13.829,17.843,11.686,12.121,14.432,12.19,17.13,24.576,24.906,38.529,11.818,25.002,22.301,24.225,16.256,24.389,23.273,21.549,12.189,12.653,18.908,25.241,23.475,14.71,25.373,16.131,24.767,14.428,12.985,18.567,13.282,24.47,16.103,13.137,19.414,17.923,23.259,11.396,17.879,16.135,18.725,15.742,17.948,17.353,21.546,18.877,21.066,19.795,17.969,16.638,18.128,11.818,18.36,14.729,14.651,18.009,15.403,20.387,20.62,21.445,18.965,17.896,19.377,18.594,19.956,19.284,20.641
23.153,15.188,8.9799,30.766,40.176,27.629,30.279,28.473,24.953,26.691,18.922,6.8608,23.909,9.6224,10.314,18.117,9.36,15.516,23.74,11.056,10.601,12.875,20.111,19.152,24.489,0,8.3149,18.055,18.439,15.167,13.464,56.131,22.729,23.344,23.388,17.258,26.309,18.739,11.216,12.229,11.09,45.679,18.73,15.237,15.718,14.774,17.749,15.268,14.943,19.121,18.383,18.877,14.772,14.465,17.559,17.047,13.892,17.499,16.601,19.01,22.4,14.574,18.296,11.051,14.591,18.072,16.546,15.025,10.452,20.038,14.453,13.898,17.171,18.998,26.319,14.732,15.047,15.149,14.816,16.837,12.249,12.013,15.008,22.22,13.959,24.866,21.65,16.563,21.67,25.041,17.461,14.232,11.313,16.677,24.493,15.279,16.424,12.589,15.596
23.392,11.997,7.8969,31.821,39.415,26.531,29.636,29.004,25.31,26.574,18.899,8.4313,21.605,8.738,8.6933,18.135,8.0495,9.2527,23.025,12.193,10.682,11.12,20.524,21.044,23.96,8.3149,0,18.657,18.871,15.336,13.989,59.53,22.682,25.7,25.185,17.44,26.918,18.337,10.613,9.4814,8.0247,45.166,20.181,14.73,15.049,15.18,18.827,13.987,17.032,18.621,19.603,19.324,14.339,14.472,18.932,18.153,13.461,17.969,16.313,19.35,22.499,13.323,18.881,9.5279,13.225,18.699,16.372,13.53,9.7176,20.514,13.144,14.041,16.383,20.033,25.654,13.282,14.209,13.274,15.329,18.419,11.538,11.875,13.896,21.787,14.227,24.827,21.395,14.981,21.603,24.416,16.516,12.334,11.539,14.627,24.493,13.552,17.247,11.924,16.371
11.615,19.372,18.275,40.34,36.427,24.027,26.285,35.205,34.228,23.494,6.4977,18.799,12.049,19.365,16.685,9.8822,19.098,15.823,10.505,19.542,17.318,22.595,8.5968,8.6705,11.383,18.055,18.657,0,9.8281,16.986,22.277,58.367,14.993,19.793,14.121,6.8478,21.531,6.9008,16.145,17.233,17.057,40.574,8.9117,19.21,16.835,19.772,10.385,23.166,20.888,21.371,7.2692,9.5305,16.929,17.428,17.162,9.7239,18.686,9.132,19.972,8.8008,10.9,16.188,7.5432,21.854,17.022,7.9041,19.384,18.818,19.015,10.916,18.373,17.131,18.535,9.3102,20.147,17.215,19.893,18.88,20.774,19.301,17.623,18.188,18.41,12.578,19.431,18.989,10.449,19.461,12.795,21.339,20.848,20.174,18.169,16.724,20.191,17.893,20.264,19.897,21.518
16.089,19.835,18.576,44.204,38.197,26.428,25.538,38.265,34.15,26.173,11.557,19.421,19.964,19.362,18.129,11.885,19.192,16.806,15.306,19.334,17.571,22.347,6.6802,10.335,15.592,18.439,18.871,9.8281,0,23.002,17.855,40.539,15.507,21.533,19.081,11.052,22.315,11.405,20.9,19.931,21.586,42.31,13.146,20.993,19.159,20.332,11.457,24.121,24.724,23.081,10.672,11.565,21.249,21.272,20.244,11.513,19.947,10.614,24.594,9.7745,15.954,19.843,11.335,23.989,21.238,11.518,21.861,22.901,20.663,13.636,24.658,18.417,22.478,10.196,21.652,21.059,24.088,21.263,17.404,22.074,20.924,21.219,23.834,14.858,23.119,20.607,11.482,23.334,11.914,22.814,24.108,25.078,25.39,20.963,21.798,22.203,18.689,23.198,19.601
20.329,12.188,11.94,35.824,39.258,27.889,30.943,31.243,30.104,25.028,18.399,15.964,25.211,15.668,11.57,19.187,14.392,9.9812,17.565,18.518,17.912,18.489,19.673,18.233,23.14,15.167,15.336,16.986,23.002,0,19.615,54.423,21.127,24.27,23.845,17.308,25.992,17.878,14.763,12.116,13.308,44.365,18.675,11.832,12.18,13.101,18.85,27.13,20.312,24.914,18.204,19.594,14.36,20.191,13.753,18.994,11.286,19.055,12.294,19.096,21.191,20.206,17.78,27.5,12.884,18.886,22.27,25.022,25.394,20.216,15.758,21.208,16.457,19.335,23.944,20.911,18.039,15.619,21.075,24.156,14.21,18.122,26.109,21.636,17.255,23.734,20.347,13.649,19.969,24.546,25.311,26.25,16.514,13.503,24.775,25.844,22.183,24.336,23.949
21.563,17.904,13.657,32.286,38.252,29.589,33.42,26.317,37.061,30.274,22.365,13.743,20.411,14.169,16.132,21.946,14.221,22.919,21.752,13.772,11.895,16.512,17.51,23.17,21.819,13.464,13.989,22.277,17.855,19.615,0,57.709,24.866,21.578,22.464,19.837,22.921,17.168,14.797,13.806,20.281,43.159,20.209,16.499,15.821,15.802,17.57,15.894,15.772,23.001,17.28,16.841,14.952,17.872,18.113,19.262,18.247,16.693,15.398,21.251,20.668,15.2,16.922,13.327,13.618,15.7,16.308,16.476,11.357,21.076,12.294,15.98,16.095,18.313,22.169,13.865,14.422,14.307,11.275,16.958,10.555,11.754,14.798,21.953,11.328,23.106,20.123,13.96,22.7,19.78,14.24,11.312,10.393,13.855,21.228,13.215,14.074,11.109,15.909
56.991,47.219,59.307,23.289,61.558,52.531,29.559,42.107,19.023,36.093,57.993,59.483,56.941,61.307,58.349,59.377,59.081,58.126,56.217,57.611,56.126,36.449,38.275,35.253,57.469,56.131,59.53,58.367,40.539,54.423,57.709,0,42.841,43.457,47.391,37.755,48.29,38.163,31.15,30.578,28.678,69.662,43.885,30.63,33.512,31.181,37.288,30.032,31.851,41.606,37.645,39.224,30.863,33.826,35.453,44.533,29.877,35.647,31.779,38.618,46.158,32.634,38.553,30.078,33.015,39.683,33.167,31.321,41.886,47.657,42.972,45.589,35.215,38.862,44.725,33.514,32.518,32.173,43.006,43.387,43.76,43.34,42.848,47.913,42.754,48.567,41.721,42.22,42.757,44.305,41.475,40.817,41.63,42.531,44.148,32.62,44.136,40.989,42.949
15.107,23.22,22.096,46.974,33.62,22.999,35.012,40.956,39.149,26.531,15.134,23.568,18.49,24.191,20.731,13.999,23.268,19.879,14.387,24.038,22.516,25.698,15.028,15.742,13.829,22.729,22.682,14.993,15.507,21.127,24.866,42.841,0,17.432,17.8,21.316,18.631,15.423,22.344,23.37,24.217,37.156,19.136,23.68,21.953,23.818,18.982,26.036,25.786,26.976,18.123,15.653,22.47,24.615,23.858,21.113,23.817,22.742,24.223,19.12,17.53,21.937,16.062,21.884,21.411,14.05,23.61,22.823,20.279,19.355,18.562,19.374,23.32,18.024,15.502,20.085,21.367,21.493,16.911,17.202,18.823,19.197,18.955,11.571,17.043,15.981,14.518,21.176,13.861,15.696,19.728,20.526,20.311,17.54,15.538,19.745,16.06,20.874,16.542
18.145,26.417,22.642,38.08,38.054,22.621,35.29,36.215,38.728,24.708,17.302,25.191,14.61,24.508,23.85,19.87,23.925,24.104,18.502,17.37,17.628,28.322,21.18,21.329,17.843,23.344,25.7,19.793,21.533,24.27,21.578,43.457,17.432,0,18.028,21.487,17.487,19.062,19.626,25.436,24.776,41.645,17.206,25.713,19.649,27.148,21.929,26.048,26.454,27.318,22.322,20.697,25.497,24.694,25.112,16.449,26.004,22.653,27.213,19.407,18.126,20.391,22.263,24.082,19.135,17.331,22.319,25.05,18,17.583,15.156,17.625,18.874,18.271,13.112,18.118,18.045,18.994,14.964,15.095,16.558,15.767,17.136,19.617,14.727,18.501,20.48,18.908,19.822,12.82,17.141,16.293,15.959,18.345,14.148,18.351,14.474,15.887,14.979
9.581,27.21,23.207,46.907,34.358,27.578,38.955,37.768,43.447,21.112,13.391,24.813,14.178,25.795,23.882,11.575,24.812,21.953,7.8306,22.783,20.121,29.583,16.935,16.68,11.686,23.388,25.185,14.121,19.081,23.845,22.464,47.391,17.8,18.028,0,14.529,9.5956,13.584,21.451,22.433,24.56,37.975,12.416,18.51,14.771,19.224,17.437,23.775,22.438,19.94,14.119,12.77,21.125,20.687,16.846,15.955,19.691,20.069,22.003,13.598,10.877,17.29,14.539,22.105,16.557,14.785,18.859,21.034,19.493,13.886,17.959,16.411,16.475,15.904,16.844,18.092,18.229,18.276,18.769,17.873,18.167,16.382,17.899,12.168,17.125,10.868,14.844,17.75,15.198,18.76,17.915,18.906,17.29,17.679,18.829,18.674,18.795,19.399,19.647
13.259,19.679,17.516,38.697,37.912,24.91,24.997,35.608,33.264,23.399,7.9767,18.005,22.025,18.809,17.282,10.612,18.277,15.571,11.99,18.66,16.302,22.093,8.7581,8.0663,12.121,17.258,17.44,6.8478,11.052,17.308,19.837,37.755,21.316,21.487,14.529,0,21.289,10.304,16.462,14.705,22.235,42.105,9.5361,18.706,18.193,18.768,9.7474,24.056,20.267,22.237,8.3842,10.601,16.408,17.409,17.643,8.9098,18.58,8.3695,20.62,9.4951,12.158,18.801,10.649,22.115,18.942,9.3396,18.697,20.939,20.338,12.418,20.182,19.261,19.519,9.6188,21.253,19.276,19.714,19.178,21.416,20.331,20.109,20.296,20.317,14.065,20.594,19.741,11.181,19.122,12.604,21.907,20.551,20.836,18.635,18.716,20.944,19.827,21.569,19.95,21.575
12.173,27.549,25.666,46.41,33.021,29.542,41.156,40.772,44.383,25.549,16.574,27.523,15.978,27.225,25.59,15.18,26.993,24.898,11.991,24.368,21.769,28.935,21.626,21.612,14.432,26.309,26.918,21.531,22.315,25.992,22.921,48.29,18.631,17.487,9.5956,21.289,0,17.624,21.701,22.782,24.341,36.468,15.056,22.921,20.52,23.26,20.858,24.972,24.181,25.25,19.95,17.661,22.835,22.401,20.782,19.003,24.221,20.886,23.027,18.474,13.417,20.663,19.016,23.19,20.183,18.478,21.845,21.654,21.062,15.969,18.503,16.157,21.064,19.684,15.744,20.133,21.111,20.036,17.331,17.076,19.547,19.998,17.441,13.261,17.006,11.443,17.301,18.625,17.037,17.594,18.35,20.3,21.358,17.816,18.363,18.959,17.853,20.571,17.945
12.13,19.27,17.806,43.95,35.839,23.611,27.837,36.475,33.979,24.07,8.9249,19.593,21.694,19.348,17.127,10.342,18.504,16.498,11.161,20.846,18.178,22.709,10.515,8.2945,12.19,18.739,18.337,6.9008,11.405,17.878,17.168,38.163,15.423,19.062,13.584,10.304,17.624,0,17.538,17.294,22.058,40.076,9.6262,18.37,17.957,19.173,10.384,23.325,20.967,20.379,8.1098,9.5347,17.643,17.425,18.965,11.027,19.414,12.84,21.7,9.332,13.314,17.598,8.0162,22.853,18.046,7.7413,20.263,20.422,20.278,11.059,17.694,18.062,18.082,10.923,19.523,16.72,20.241,20.701,20.619,20.038,19.654,18.375,20.081,12.644,19.851,18.372,11.152,19.592,12.24,19.719,20.774,21.774,19.333,18.601,19.799,20.845,21.141,19.653,21.209
18.276,11.54,7.9546,33.685,39.111,26.046,34.699,29.06,27.531,25.885,17.851,11.393,24.19,10.881,8.744,19.194,10.842,8.8885,19.175,11.905,10.583,15.251,19.317,18.029,17.13,11.216,10.613,16.145,20.9,14.763,14.797,31.15,22.344,19.626,21.451,16.462,21.701,17.538,0,8.2375,10.532,44.379,18.976,13.229,14.025,13.995,17.732,15.299,15.381,24.456,18.676,19.385,13.286,17.5,16.518,17.121,12.399,18.062,15.451,18.826,21.82,12.457,17.849,23.621,13.117,17.589,15.56,23.736,11.907,20.551,12.24,15.257,16.353,18.595,24.621,13.238,12.28,13.307,16.438,17.758,12.02,11.866,24.432,21.511,13.776,24.496,21.511,13.43,21.248,24.207,17.878,23.856,10.941,14.135,23.481,11.53,24.203,11.719,16.647
17.205,12.268,8.6495,33.513,39.964,27.443,25.493,28.342,27.762,26.298,17.195,12.314,26.203,12.437,8.6827,17.862,12.311,9.1802,19.059,14.125,15.393,12.182,17.7,16.785,24.576,12.229,9.4814,17.233,19.931,12.116,13.806,30.578,23.37,25.436,22.433,14.705,22.782,17.294,8.2375,0,9.8057,45.265,20.665,11.832,15.722,12.71,18.833,11.146,13.376,16.379,19.518,19.857,9.3296,10.828,15.586,18.18,9.1991,18.5,10.984,19.31,22.735,9.7378,19.138,11.64,10.497,19.041,12.846,12.628,12.991,21.777,12.232,13.205,12.678,19.219,25.875,10.487,11.24,10.436,16.656,25.338,11.57,12.278,12.568,22.676,18.33,24.228,21.99,11.691,21.988,25.8,14.404,13.125,11.247,11.813,26.082,10.96,23.75,13.231,22.8
23.12,9.0219,9.7263,31.928,39.258,29.159,30.038,29.866,26.196,28.11,24.994,9.9628,26.546,10.518,7.1991,18.521,9.6414,10.557,24.941,13.633,21.361,15.281,21.887,22.584,24.906,11.09,8.0247,17.057,21.586,13.308,20.281,28.678,24.217,24.776,24.56,22.235,24.341,22.058,10.532,9.8057,0,45.193,21.343,15.447,14.657,15.432,19.338,13.43,16.321,18.688,20.758,20.991,15.074,15.581,19.634,19.672,14.37,19.137,15.771,20.46,24.047,14.628,20.125,10.908,14.796,19.279,17.961,15.587,12.62,22.133,14.666,15.743,18.344,20.659,27.49,13.662,15.457,13.876,17.068,19.246,13.912,13.81,15.589,24.129,17.039,26.244,23.484,17.177,23.232,25.108,17.528,15.043,13.133,15.618,25.147,14.108,20.965,14.009,18.344
38.121,44.95,43.873,68.92,1.6965,51.815,63.775,63.87,65.68,54.233,39.808,45.952,39.415,45.62,43.529,38.577,44.911,43.356,37.961,43.409,42.833,46.633,41.687,41.571,38.529,45.679,45.166,40.574,42.31,44.365,43.159,69.662,37.156,41.645,37.975,42.105,36.468,40.076,44.379,45.265,45.193,0,34.824,39.494,37.511,39.173,37.728,40.23,40.783,38.629,37.619,36.881,37.56,37.012,36.495,37.263,39.311,39.373,38.433,35.668,35.989,37.073,35.645,40.135,35.785,34.024,37.83,39.105,39.798,32.916,35.732,33.566,35.208,36.18,37.48,35.193,35.937,35.599,36.459,35.922,36.136,37.09,34.333,32.172,37.14,31.9,35.918,35.337,33.427,35.719,36.216,36.646,37.572,34.322,36.802,36.25,35.667,37.728,37.081
12.092,21.218,19.583,42.509,34.638,28.323,29.475,37.853,35.791,24.769,8.5461,19.385,23.865,20.24,19.38,9.9798,20,17.98,10.585,20.311,17.929,23.623,10.578,9.6473,11.818,18.73,20.181,8.9117,13.146,18.675,20.209,43.885,19.136,17.206,12.416,9.5361,15.056,9.6262,18.976,20.665,21.343,34.824,0,16.9,14.825,16.882,10.803,21.587,17.056,19.519,8.6957,8.9255,16.944,17.03,16.494,9.9344,20.079,11.022,18.659,9.41,10.086,16.81,9.2938,21.456,16.95,8.3788,17.049,20.539,20.464,11.053,18.539,18.239,17.269,11.965,19.083,16.994,18.209,18.526,22.431,20.867,18.773,18.967,16.915,13.1,19.489,15.886,11.99,17.618,12.803,20.56,17.071,19.225,19.277,17.513,20.955,18.395,22.301,20.11,21.351
20.248,10.772,13.263,36.091,38.7,31.38,29.854,30.199,29.165,27.928,20.046,16.659,25.774,16.51,12.424,20.577,14.8,13.435,20.388,17.476,19.114,16.291,19.422,18.131,25.002,15.237,14.73,19.21,20.993,11.832,16.499,30.63,23.68,25.713,18.51,18.706,22.921,18.37,13.229,11.832,15.447,39.494,16.9,0,13.083,8.2412,20.146,11.888,12.096,15.159,19.326,19.371,10.285,11.777,11.216,20.502,9.3255,20.4,11.954,20.083,22.225,9.9261,19.583,18.297,11.227,20.494,9.8347,17.914,16.463,22.358,13.546,18.782,11.277,20.102,25.831,12.74,10.782,12.064,19.406,25.692,15.552,14.486,12.754,22.205,20.237,24.658,21.505,10.999,21.729,26.76,13.24,13.795,14.891,12.637,26.752,11.807,24.226,14.1,24.768
21.805,14.163,15.021,38.306,36.441,29.803,37.003,31.993,31.644,27.181,18.353,16.397,20.809,16.086,12.824,15.962,14.919,12.664,15.621,17.273,16.5,18.32,18.06,20.456,22.301,15.718,15.049,16.835,19.159,12.18,15.821,33.512,21.953,19.649,14.771,18.193,20.52,17.957,14.025,15.722,14.657,37.511,14.825,13.083,0,12.965,16.514,10.322,16.674,14.416,17.369,17.765,12.451,12.98,13.466,17.988,11.408,18.402,12.56,17.067,18.499,11.175,15.693,14.414,10.674,17.544,13.544,13.369,13.133,18.712,12.488,12.149,14.811,17.501,23.961,11.384,11.826,11.599,16.296,20.224,13.926,12.918,12.702,19.624,17.763,22.993,17.94,11.512,18.479,24.93,13.249,14.053,14.685,11.698,24.68,11.586,18.54,13.523,18.521
20.67,12.531,13.81,36.498,38.267,30.087,31.641,31.713,29.551,29.002,19.402,17.092,26.006,17.042,13.379,21.277,15.953,13.365,19.87,18.092,19.068,16.048,19.773,17.717,24.225,14.774,15.18,19.772,20.332,13.101,15.802,31.181,23.818,27.148,19.224,18.768,23.26,19.173,13.995,12.71,15.432,39.173,16.882,8.2412,12.965,0,19.034,16.605,14.151,16.69,19.655,19.534,12.007,13.288,11.953,19.988,9.8741,19.912,12.826,21.041,22.441,13.764,19.328,18.325,12.889,19.757,11.246,17.233,18,21.541,14.749,18.842,13.707,20.109,26.581,14.58,12.862,12.567,20.299,26.398,16.953,19.676,13.326,22.883,21.756,24.511,23.118,11.221,22.987,27,13.684,16.278,15.443,14.406,26.944,13.359,23.196,18.397,24.138
17.391,19.906,18.661,42.13,37.545,26.17,26.362,37.399,34.156,26.898,11.138,18.778,22.92,20.088,17.011,14.076,19.559,16.154,14.958,18.758,24.075,22.922,11.742,11.496,16.256,17.749,18.827,10.385,11.457,18.85,17.57,37.288,18.982,21.929,17.437,9.7474,20.858,10.384,17.732,18.833,19.338,37.728,10.803,20.146,16.514,19.034,0,27.656,21.358,26.084,11.987,13.22,22.065,21.731,19.794,10.126,21.663,9.8557,23.378,11.077,15.732,22.047,10.912,25.33,22.46,11.57,22.139,24.048,24.217,14.093,23.558,21.204,22.244,10.388,22.775,22.632,24.309,23.358,22.758,22.118,22.63,22.654,24.289,16.442,22.183,21.66,14.603,22.247,14.125,22.713,23.53,24.855,23.844,21.799,22.471,22.868,22.158,22.869,22.75
23.004,12.164,12.978,34.84,39.476,33.643,33.453,30.488,28.52,29.011,25.146,13.958,23.783,14.967,11.43,22.657,14.373,22.338,22.232,15.991,22.822,13.583,24.163,23.185,24.389,15.268,13.987,23.166,24.121,27.13,15.894,30.032,26.036,26.048,23.775,24.056,24.972,23.325,15.299,11.146,13.43,40.23,21.587,11.888,10.322,16.605,27.656,0,14.573,15.754,21.276,21.88,12.466,14.359,15.658,21.227,11.393,20.659,14.72,20.75,22.939,13.727,20.507,12.723,12.217,20.972,15.352,18.961,14.043,22.658,15.521,15.11,16.859,21.555,27.003,13.656,14.846,14.735,17.055,26.477,15.883,14.568,14.36,24.917,19.394,26.231,22.38,14.857,21.951,26.645,16.379,15.968,15.122,15.069,26.286,14.061,22.207,15.773,22.582
22.338,14.653,15.666,33.795,38.841,32.947,38.77,30.405,29.93,30.02,18.459,17.572,26.905,18.32,14.958,21.576,17.385,20.512,20.211,16.255,16.282,15.722,22.684,21.138,23.273,14.943,17.032,20.888,24.724,20.312,15.772,31.851,25.786,26.454,22.438,20.267,24.181,20.967,15.381,13.376,16.321,40.783,17.056,12.096,16.674,14.151,21.358,14.573,0,16.041,22.915,23.466,11.913,13.233,16.873,20.87,15.177,21.692,14.787,22.889,24.071,12.101,22.492,20.182,16.625,23.003,13.673,17.873,24.42,24.744,20.665,17.723,14.463,22.465,29.239,13.268,12.991,13.813,22.597,28.253,20.299,17.853,15.333,25.295,23.945,27.662,24.978,14.128,23.653,27.527,15.208,20.211,22.537,15.9,27.547,13.656,28.414,17.753,26.517
20.129,16.742,19.436,42.184,38.316,32.077,34.664,38.238,34.49,27.72,21.894,20.326,24.964,20.814,17.502,18.781,19.462,23.256,19.638,23.633,20.988,19.205,21.014,20.603,21.549,19.121,18.621,21.371,23.081,24.914,23.001,41.606,26.976,27.318,19.94,22.237,25.25,20.379,24.456,16.379,18.688,38.629,19.519,15.159,14.416,16.69,26.084,15.754,16.041,0,22.038,21.157,15.666,14.945,15.076,21.095,15.105,21.582,16.604,20.039,22.707,13.691,21.28,18.992,15.344,21.443,13.871,16.699,17.623,22.557,17.786,19.702,13.776,21.311,27.418,15.6,15.16,16.818,21.292,26.891,18.301,19.427,16.119,22.534,21.105,25.406,21.351,16.45,20.811,27.135,16.391,20.064,19.616,16.281,27.205,16.964,25.182,19.978,25.411
12.146,20.519,18.883,41.393,37.802,25.784,25.442,36.511,33.719,23.858,8.2967,19.721,21.526,19.842,18.87,9.9272,19.192,17.57,11.542,20.715,18.908,23.106,8.0846,9.0028,12.189,18.383,19.603,7.2692,10.672,18.204,17.28,37.645,18.123,22.322,14.119,8.3842,19.95,8.1098,18.676,19.518,20.758,37.619,8.6957,19.326,17.369,19.655,11.987,21.276,22.915,22.038,0,8.8708,18.734,18.749,17.604,11.068,20.517,9.3777,20.569,10.749,11.005,17.483,9.8522,20.499,17.58,9.6864,17.603,19.258,19.073,12.144,19.186,18.606,17.69,10.248,21.041,17.585,20.231,19.568,23.08,20.82,18.669,18.351,18.097,13.339,20.674,19.419,10.975,18.63,13.195,21.189,22.382,20.974,18.774,16.618,21.535,19.526,19.339,19.966,18.822
11.227,21.383,19.114,43.09,36.719,26.379,27.772,37.521,33.975,23.2,9.1549,20.095,19.98,20.36,18.954,8.9539,19.624,17.659,10.507,20.604,18.065,23.299,10.253,10.563,12.653,18.877,19.324,9.5305,11.565,19.594,16.841,39.224,15.653,20.697,12.77,10.601,17.661,9.5347,19.385,19.857,20.991,36.881,8.9255,19.371,17.765,19.534,13.22,21.88,23.466,21.157,8.8708,0,17.702,18.366,17.263,10.063,18.799,10.3,20.831,8.6116,11.556,16.992,8.8854,19.913,16.376,9.7445,17.443,17.932,19.02,11.1,17.762,16.021,19.422,11.264,19.532,18.068,19.963,17.353,22.273,19.248,17.744,18.507,18.006,11.709,20.018,18.08,12.389,19.428,11.667,20.91,19.15,21.259,20.148,17.857,20.416,19.659,20.659,21.311,20.468
22.642,12.833,14.407,35.307,36.52,29.864,37.36,30.124,31.608,28.279,18.443,16.365,25.406,16.063,12.447,18.109,15.512,14.051,19.491,15.289,15.868,14.321,19.12,17.601,18.908,14.772,14.339,16.929,21.249,14.36,14.952,30.863,22.47,25.497,21.125,16.408,22.835,17.643,13.286,9.3296,15.074,37.56,16.944,10.285,12.451,12.007,22.065,12.466,11.913,15.666,18.734,17.702,0,9.4791,13.191,19.381,11.112,18.752,10.994,19.139,21.609,9.2405,18.958,12.743,10.561,19.428,10.689,13.583,18.119,21.484,14.365,15.071,11.265,19.054,26.045,9.3382,9.8191,10.611,17.478,21.215,12.498,14.685,11.144,21.657,17.683,24.776,21.282,10.056,20.437,25.974,12.457,13.037,16.374,10.334,25.778,10.911,23.259,16.392,21.295
24.651,11.914,15.977,36.912,36.12,30.558,31.871,32.037,32.335,29.495,17.119,17.254,24.644,16.901,13.668,19.013,15.587,15.474,19.966,16.479,17.487,14.365,18.518,16.671,25.241,14.465,14.472,17.428,21.272,20.191,17.872,33.826,24.615,24.694,20.687,17.409,22.401,17.425,17.5,10.828,15.581,37.012,17.03,11.777,12.98,13.288,21.731,14.359,13.233,14.945,18.749,18.366,9.4791,0,13.366,18.974,13.672,19.742,14.747,19.601,23.14,11.493,19.383,21.535,16.872,20.244,13.633,18.156,21.933,22.217,16.561,18.598,13.305,18.565,26.763,13.007,14.336,12.75,22.356,23.603,20.293,18.454,15.076,22.674,19.813,24.534,22.278,13.814,21.217,26.254,15.862,17.814,19.216,16.948,26.318,13.367,22.524,18.132,23.266
19.626,15.801,17.328,40.002,35.272,31.018,31.852,33.953,34.414,29.591,18.679,20.242,24.906,20.171,15.409,19.875,19.435,13.882,17.762,20.635,18.518,18.419,18.711,17.4,23.475,17.559,18.932,17.162,20.244,13.753,18.113,35.453,23.858,25.112,16.846,17.643,20.782,18.965,16.518,15.586,19.634,36.495,16.494,11.216,13.466,11.953,19.794,15.658,16.873,15.076,17.604,17.263,13.191,13.366,0,20.807,16.927,20.783,16.875,20.335,20.435,17.55,18.748,23.174,16.474,19.958,17.005,21.113,24.357,21.114,19.44,21.045,13.56,18.621,25.344,17.281,16.807,16.482,25.627,24.31,20.289,21.688,16.9,22.073,24.441,22.452,20.047,15.282,20.777,25.398,15.151,18.431,22.223,16.725,25.234,16.654,24.009,21.005,25.127
15.409,19.688,18.072,39.234,36.447,25.446,37.093,35.928,33.866,26.323,9.2772,18.087,13.086,18.166,17.304,12.42,18.617,15.82,13.818,18.009,16.449,21.609,10.82,10.069,14.71,17.047,18.153,9.7239,11.513,18.994,19.262,44.533,21.113,16.449,15.955,8.9098,19.003,11.027,17.121,18.18,19.672,37.263,9.9344,20.502,17.988,19.988,10.126,21.227,20.87,21.095,11.068,10.063,19.381,18.974,20.807,0,21.66,10.068,20.797,9.9168,13.358,19.819,11.152,24.259,19.779,10.254,19.591,20.77,23.21,12.649,20.224,20.396,18.913,9.5282,21.681,19.947,20.622,19.985,23.152,20.315,22.029,20.938,22.484,13.554,20.34,19.033,14.264,19.045,12.106,20.85,20.575,21.932,21.527,19.907,21.946,20.641,21.445,20.525,21.47
19.672,11.031,12.146,36.311,39.382,30.094,28.352,31.746,28.465,27.489,20.841,14.683,26.028,16.408,10.615,19.717,14.594,10.81,19.316,17.806,20.566,14.92,18.835,19.469,25.373,13.892,13.461,18.686,19.947,11.286,18.247,29.877,23.817,26.004,19.691,18.58,24.221,19.414,12.399,9.1991,14.37,39.311,20.079,9.3255,11.408,9.8741,21.663,11.393,15.177,15.105,20.517,18.799,11.112,13.672,16.927,21.66,0,20.572,12.455,20.007,22.879,10.779,19.53,14.421,11.772,20.277,13.518,14.877,15.239,21.82,13.63,14.035,13.253,19.901,26.344,12.277,12.104,11.461,18.236,26.853,14.111,13.524,14.115,23.486,18.231,26.233,22.354,11.989,22.247,27.286,15.105,15.709,13.983,13.154,26.834,12.246,23.327,14.642,24.644
16.792,20.115,17.569,39.762,38.256,26.008,24.635,35.18,32.852,26.098,11.341,18.232,22.136,18.878,17.636,13.014,18.494,16.692,15.955,20.536,20.751,21.993,9.0156,10.686,16.131,17.499,17.969,9.132,10.614,19.055,16.693,35.647,22.742,22.653,20.069,8.3695,20.886,12.84,18.062,18.5,19.137,39.373,11.022,20.4,18.402,19.912,9.8557,20.659,21.692,21.582,9.3777,10.3,18.752,19.742,20.783,10.068,20.572,0,22.681,10.925,15.902,19.217,12.923,23.981,20.309,11.417,21.016,22.66,23.841,15.063,24.129,22.444,19.645,9.9318,23.362,20.803,21.84,20.925,22.231,23.187,22.574,21.408,22.578,16.678,24.234,21.819,14.438,20.505,14.118,23.607,22.646,25.143,21.377,20.333,23.501,22.273,23.765,20.969,23.797
20.083,11.707,14.102,36.126,38.014,32.484,33.587,30.061,31.774,28.857,20.046,16.411,27.108,17.493,14.35,19.599,16.371,14.188,19.182,18.545,18.184,15.536,21.992,20.527,24.767,16.601,16.313,19.972,24.594,12.294,15.398,31.779,24.223,27.213,22.003,20.62,23.027,21.7,15.451,10.984,15.771,38.433,18.659,11.954,12.56,12.826,23.378,14.72,14.787,16.604,20.569,20.831,10.994,14.747,16.875,20.797,12.455,22.681,0,20.389,21.26,11.233,20.502,16.076,11.68,20.747,10.665,16.362,16.623,21.184,14.434,14.688,11.04,20.455,26.826,11.859,11.322,11.628,19.463,26.753,17.763,14.635,13.151,22.06,20.739,24.892,21.856,10.727,22.764,27.291,14.305,14.798,15.199,13.583,27.346,12.262,25.097,15.859,28.197
13.778,20.796,18.813,41.776,35.752,24.833,27.618,36.933,35.714,25.012,9.6352,19.771,21.556,19.999,18.667,9.2392,20.067,17.322,12.439,20.583,19.004,22.548,8.241,10.663,14.428,19.01,19.35,8.8008,9.7745,19.096,21.251,38.618,19.12,19.407,13.598,9.4951,18.474,9.332,18.826,19.31,20.46,35.668,9.41,20.083,17.067,21.041,11.077,20.75,22.889,20.039,10.749,8.6116,19.139,19.601,20.335,9.9168,20.007,10.925,20.389,0,11.588,17.767,9.628,22.147,16.707,9.9165,18.291,19.643,20.159,11.824,19.532,17.782,18.06,11.455,21.454,17.018,21.664,19.302,22.506,20.24,19.439,19.858,20.298,11.76,21.371,19.638,11.156,19.686,10.721,21.242,20.916,22.767,20.305,17.929,20.294,19.346,21.631,21.988,22.771
11.91,23.236,21.678,43.849,35.284,29.147,37.052,36.73,42.524,24.336,11.596,23.128,13.071,22.728,21.848,10.853,21.7,20.084,10.771,21.226,19.256,26.916,14.187,14.325,12.985,22.4,22.499,10.9,15.954,21.191,20.668,46.158,17.53,18.126,10.877,12.158,13.417,13.314,21.82,22.735,24.047,35.989,10.086,22.225,18.499,22.441,15.732,22.939,24.071,22.707,11.005,11.556,21.609,23.14,20.435,13.358,22.879,15.902,21.26,11.588,0,16.179,12.795,22.704,16.227,12.612,18.269,20.059,17.541,14.053,18.082,16.306,17.54,12.88,17.875,16.669,19.117,17.113,19.404,19.176,17.445,18.622,16.697,13.129,17.987,14.203,13.624,17.569,14.112,20.496,18.196,19.512,16.189,16.578,19.208,17.204,20.232,19.055,21.012
17.66,11.318,12.323,35.762,36.365,28.738,36.311,31.015,31.353,27.286,17.996,15.521,21.225,15.741,10.928,16.377,14.728,14.007,18.359,14.917,15.078,15.815,18.228,18.545,18.567,14.574,13.323,16.188,19.843,20.206,15.2,32.634,21.937,20.391,17.29,18.801,20.663,17.598,12.457,9.7378,14.628,37.073,16.81,9.9261,11.175,13.764,22.047,13.727,12.101,13.691,17.483,16.992,9.2405,11.493,17.55,19.819,10.779,19.217,11.233,17.767,16.179,0,18.117,11.727,10.099,18.111,10.949,13.157,14.358,20.34,10.977,12.708,9.6878,18.057,24.22,7.9196,8.7991,8.6243,15.22,22.41,14.745,12.093,10.611,20.039,17.996,22.522,19.622,9.1077,19.551,24.191,11.273,11.852,13.097,8.9952,24.655,8.4134,19.74,12.196,22.12
14.092,20.069,18.302,42.77,35.235,23.825,28.126,37.539,35.124,25.404,9.2127,19.765,21.772,19.686,16.903,10.91,19.539,16.031,12.182,21.684,19.319,22.444,9.0206,10.875,13.282,18.296,18.881,7.5432,11.335,17.78,16.922,38.553,16.062,22.263,14.539,10.649,19.016,8.0162,17.849,19.138,20.125,35.645,9.2938,19.583,15.693,19.328,10.912,20.507,22.492,21.28,9.8522,8.8854,18.958,19.383,18.748,11.152,19.53,12.923,20.502,9.628,12.795,18.117,0,23.993,20.213,9.5973,19.936,23.01,22.603,11.347,18.061,19.383,17.024,10.938,20.621,19.901,20.097,19.844,21.19,20.365,20.956,20.486,21.041,13.086,20.45,18.443,12.223,18.863,12.429,21.367,20.48,21.158,22.278,19.226,20.636,20.726,20.808,20.95,21.013
24.401,14.661,23.647,32.148,39.609,29.153,40.416,29.104,26.022,28.992,22.659,13.115,22.469,13.272,22.296,21.34,10.853,24.481,23.61,13.558,21.112,15.048,22.726,21.517,24.47,11.051,9.5279,21.854,23.989,27.5,13.327,30.078,21.884,24.082,22.105,22.115,23.19,22.853,23.621,11.64,10.908,40.135,21.456,18.297,14.414,18.325,25.33,12.723,20.182,18.992,20.499,19.913,12.743,21.535,23.174,24.259,14.421,23.981,16.076,22.147,22.704,11.727,23.993,0,13.581,20.239,16.899,14.509,12.48,22.915,14.033,14.767,17.767,21.224,26.656,13.504,14.426,13.472,15.623,21.501,12.512,13.39,15.085,23.961,16.737,25.813,23.689,15.276,22.59,25.85,15.906,13.667,13.468,15.724,23.174,13.583,17.688,12.932,19.854
17.214,12.277,12.886,37.109,35.03,30.05,35.574,31.2,31.586,27.712,17.935,16.013,20.254,15.564,11.57,16.212,15.52,10.261,16.175,15.988,15.529,14.015,18.48,18.792,16.103,14.591,13.225,17.022,21.238,12.884,13.618,33.015,21.411,19.135,16.557,18.942,20.183,18.046,13.117,10.497,14.796,35.785,16.95,11.227,10.674,12.889,22.46,12.217,16.625,15.344,17.58,16.376,10.561,16.872,16.474,19.779,11.772,20.309,11.68,16.707,16.227,10.099,20.213,13.581,0,16.989,11.719,11.951,14.217,18.464,9.4909,9.4796,10.718,17.286,23.395,8.6736,7.9974,7.8208,15.492,21.767,10.504,12.167,9.8284,19.928,14.775,22.443,20.254,8.6152,19.3,23.289,10.552,11.535,12.319,8.9677,23.509,8.064,21.455,12.209,20.591
13.652,19.208,17.337,41.785,33.582,27.115,28.848,38.382,35.337,26.42,8.0091,18.25,21.424,19.057,16.67,10.959,18.19,16.169,12.629,19.418,17.327,22.629,10.007,9.5415,13.137,18.072,18.699,7.9041,11.518,18.886,15.7,39.683,14.05,17.331,14.785,9.3396,18.478,7.7413,17.589,19.041,19.279,34.024,8.3788,20.494,17.544,19.757,11.57,20.972,23.003,21.443,9.6864,9.7445,19.428,20.244,19.958,10.254,20.277,11.417,20.747,9.9165,12.612,18.111,9.5973,20.239,16.989,0,18.134,20.214,21.976,9.7391,17.051,18.908,17.786,9.1147,20.255,18.588,19.049,18.076,21.711,20.153,20.334,19.634,18.652,12.938,19.895,17.239,12.975,18.234,11.907,20.564,19.937,19.844,19.785,17.98,20.316,18.553,20.214,18.426,16.829
20.343,13.39,15.87,37.337,36.687,32.805,34.201,32.549,31.751,28.491,19.404,19.073,24.577,19.111,14.38,18.971,16.921,22.348,18.512,18.525,18.304,17.089,21.63,18.446,19.414,16.546,16.372,19.384,21.861,22.27,16.308,33.167,23.61,22.319,18.859,18.697,21.845,20.263,15.56,12.846,17.961,37.83,17.049,9.8347,13.544,11.246,22.139,15.352,13.673,13.871,17.603,17.443,10.689,13.633,17.005,19.591,13.518,21.016,10.665,18.291,18.269,10.949,19.936,16.899,11.719,18.134,0,16.448,19.109,21.214,14.928,14.18,8.897,20.457,25.439,11.543,11.63,11.369,25.94,24.865,14.834,18.162,12.98,21.596,20.959,23.301,21.123,10.564,20.993,25.532,11.996,16.278,18.07,14.649,25.759,10.62,22.871,16.881,24.186
18.187,13.861,13.305,37.694,38.242,27.689,31.959,31.368,30.525,26.996,19.069,15.303,25.28,15.208,12.675,17.833,15.267,22.597,17.661,16.367,20.748,16.872,20.669,20.555,17.923,15.025,13.53,18.818,22.901,25.022,16.476,31.321,22.823,25.05,21.034,20.939,21.654,20.422,23.736,12.628,15.587,39.105,20.539,17.914,13.369,17.233,24.048,18.961,17.873,16.699,19.258,17.932,13.583,18.156,21.113,20.77,14.877,22.66,16.362,19.643,20.059,13.157,23.01,14.509,11.951,20.214,16.448,0,16.029,21.344,17.538,16.904,18.428,21.891,26.484,15.728,16.533,15.022,19.691,21.595,17.187,17.686,16.909,23.278,19.584,25.365,22.697,16.79,21.949,26.012,17.706,16.221,18.116,17.24,26.11,16.086,23.728,17.861,21.323
17.946,13.237,10.097,32.691,38.63,28.249,35.32,26.78,27.992,24.939,19.932,10.765,20.812,10.91,11.901,16.064,10.875,23.778,17.546,11.816,10.668,12.45,20.456,20.809,23.259,10.452,9.7176,19.015,20.663,25.394,11.357,41.886,20.279,18,19.493,20.338,21.062,20.278,11.907,12.991,12.62,39.798,20.464,16.463,13.133,18,24.217,14.043,24.42,17.623,19.073,19.02,18.119,21.933,24.357,23.21,15.239,23.841,16.623,20.159,17.541,14.358,22.603,12.48,14.217,21.976,19.109,16.029,0,19.467,11.689,15.161,15.248,18.82,25.353,12.592,13.809,12.962,12.966,16.115,10.863,12.022,12.942,20.403,13.053,24.459,19.535,13.851,20.116,24.133,15.517,11.603,9.5666,13.292,21.607,13.132,16.786,12.808,15.621
12.7,22.462,20.469,47.857,32.397,27.931,38.956,38.28,43.688,29.54,9.211,21.13,13.28,21.696,19.503,11.872,21.2,18.398,11.76,20.548,19.398,24.577,12.433,12.041,11.396,20.038,20.514,10.916,13.636,20.216,21.076,47.657,19.355,17.583,13.886,12.418,15.969,11.059,20.551,21.777,22.133,32.916,11.053,22.358,18.712,21.541,14.093,22.658,24.744,22.557,12.144,11.1,21.484,22.217,21.114,12.649,21.82,15.063,21.184,11.824,14.053,20.34,11.347,22.915,18.464,9.7391,21.214,21.344,19.467,0,19.061,17.208,19.325,12.34,20.796,18.239,19.289,19.319,22.547,20.569,20.027,20.69,20.326,12.327,20.29,16.134,12.738,19.339,12.59,19.463,21.313,21.914,21.287,17.854,18.848,20.981,21.343,19.865,22.86
18.301,13.584,10.93,36.38,34.294,31.002,36.397,30.778,32.777,28.363,19.222,16.044,17.193,15.385,12.059,17.713,15.442,12.102,18.221,13.552,12.766,17.524,19.208,20.341,17.879,14.453,13.144,18.373,24.658,15.758,12.294,42.972,18.562,15.156,17.959,20.182,18.503,17.694,12.24,12.232,14.666,35.732,18.539,13.546,12.488,14.749,23.558,15.521,20.665,17.786,19.186,17.762,14.365,16.561,19.44,20.224,13.63,24.129,14.434,19.532,18.082,10.977,18.061,14.033,9.4909,17.051,14.928,17.538,11.689,19.061,0,9.6283,12.713,17.242,21.946,8.9523,9.3207,8.9239,12.441,17.938,10.456,11.453,9.3962,18.528,11.992,20.529,19.485,9.3571,18.687,21.03,11.029,9.4464,9.9174,8.0813,21.638,8.8379,17.28,8.602,17.019
16.416,15.495,14.099,46.137,32.809,30.09,38.879,39.187,33.62,30.411,17.247,15.557,17.288,16.401,14.048,16.828,16.814,16.072,16.669,15.946,14.91,17.503,19.362,20.227,16.135,13.898,14.041,17.131,18.417,21.208,15.98,45.589,19.374,17.625,16.411,19.261,16.157,18.062,15.257,13.205,15.743,33.566,18.239,18.782,12.149,18.842,21.204,15.11,17.723,19.702,18.606,16.021,15.071,18.598,21.045,20.396,14.035,22.444,14.688,17.782,16.306,12.708,19.383,14.767,9.4796,18.908,14.18,16.904,15.161,17.208,9.6283,0,12.786,15.512,22.564,11.302,12.806,11.769,13.847,18.605,10.652,11.158,10.615,17.849,13.643,20.241,19.204,12.311,17.773,20.27,13.118,12.609,11.623,9.8343,19.766,10.753,15.148,12.004,16.614
17.854,13.18,16.76,38.559,34.352,32.984,38.325,33.968,34.511,28.175,19.01,18.224,23.721,19.667,15.463,19,16.666,13.601,17.476,17.583,17.416,17.568,19.268,18.61,18.725,17.171,16.383,18.535,22.478,16.457,16.095,35.215,23.32,18.874,16.475,19.519,21.064,18.082,16.353,12.678,18.344,35.208,17.269,11.277,14.811,13.707,22.244,16.859,14.463,13.776,17.69,19.422,11.265,13.305,13.56,18.913,13.253,19.645,11.04,18.06,17.54,9.6878,17.024,17.767,10.718,17.786,8.897,18.428,15.248,19.325,12.713,12.786,0,19.169,24.65,11.326,9.1194,13.673,17.365,22.148,16.507,18.175,11.111,19.301,20.721,22.398,20.441,8.9279,19.818,25.093,11.729,14.815,12.81,11.079,25.224,9.9363,22.081,15.442,22.636
15.557,20.092,18.966,42.319,35.043,28.152,28.059,36.982,36.19,26.813,10.454,20.279,21.221,20.158,18.326,12.589,19.967,17.744,14.648,19.942,19.121,23.583,9.7105,12.402,15.742,18.998,20.033,9.3102,10.196,19.335,18.313,38.862,18.024,18.271,15.904,9.6188,19.684,10.923,18.595,19.219,20.659,36.18,11.965,20.102,17.501,20.109,10.388,21.555,22.465,21.311,10.248,11.264,19.054,18.565,18.621,9.5282,19.901,9.9318,20.455,11.455,12.88,18.057,10.938,21.224,17.286,9.1147,20.457,21.891,18.82,12.34,17.242,15.512,19.169,0,22.918,18.116,18.672,18.064,22.703,20.341,19.579,18.328,19.712,16.178,20.772,20.505,12.546,17.958,12.709,22.142,20.23,21.125,19.544,17.36,22.236,19.61,22.801,19.897,22.243
16.867,26.166,24.605,43.299,36.771,24.913,36.999,40.197,39.744,29.018,18.029,26.43,15.679,26.812,24.45,19.194,25.677,23.793,19.276,22.773,20.718,29.393,20.254,20.626,17.948,26.319,25.654,20.147,21.652,23.944,22.169,44.725,15.502,13.112,16.844,21.253,15.744,19.523,24.621,25.875,27.49,37.48,19.083,25.831,23.961,26.581,22.775,27.003,29.239,27.418,21.041,19.532,26.045,26.763,25.344,21.681,26.344,23.362,26.826,21.454,17.875,24.22,20.621,26.656,23.395,20.255,25.439,26.484,25.353,20.796,21.946,22.564,24.65,22.918,0,18.24,20.803,18.559,13.866,17.203,19.122,19.39,18.648,18.13,19.153,14.063,20.448,20.778,19.929,14.55,20.602,19.921,19.288,18.618,12.442,19.995,15.253,18.972,15.402
16.432,11.833,11.525,36.282,34.444,30.137,37.364,32.45,32.351,27.862,18.48,14.278,21.419,16.048,10.706,15.63,14.456,20.202,17.505,14.585,14.504,14.948,18.919,18.059,17.353,14.732,13.282,17.215,21.059,20.911,13.865,33.514,20.085,18.118,18.092,19.276,20.133,16.72,13.238,10.487,13.662,35.193,16.994,12.74,11.384,14.58,22.632,13.656,13.268,15.6,17.585,18.068,9.3382,13.007,17.281,19.947,12.277,20.803,11.859,17.018,16.669,7.9196,19.901,13.504,8.6736,18.588,11.543,15.728,12.592,18.239,8.9523,11.302,11.326,18.116,18.24,0,9.0695,8.518,14.02,21.283,14.695,11.87,9.357,19.427,14.888,22.185,19.454,9.5117,18.865,21.25,10.967,10.493,13.032,9.1619,23.3,9.3158,17.097,11.605,17.525
20.883,11.376,12.452,36.84,34.991,31.667,38.277,30.666,32.047,28.329,19.011,16.284,23.151,16.577,11.211,20.658,14.61,16.547,19.529,15.641,14.247,14.967,23.837,19.792,21.546,15.047,14.209,19.893,24.088,18.039,14.422,32.518,21.367,18.045,18.229,19.714,21.111,20.241,12.28,11.24,15.457,35.937,18.209,10.782,11.826,12.862,24.309,14.846,12.991,15.16,20.231,19.963,9.8191,14.336,16.807,20.622,12.104,21.84,11.322,21.664,19.117,8.7991,20.097,14.426,7.9974,19.049,11.63,16.533,13.809,19.289,9.3207,12.806,9.1194,18.672,20.803,9.0695,0,7.022,14.71,21.68,10.456,12.518,8.9402,20.16,13.904,23.025,20.512,7.1313,19.644,23.797,9.4473,10.019,15.001,8.1244,22.955,7.292,20.072,12.567,21.776
18.941,11.787,11.045,36.505,34.688,30.687,38.834,32.272,31.849,29.148,19.035,14.774,22.693,15.971,10.24,18.067,15.148,14.489,17.869,14.98,14.49,15.382,21.574,19.093,18.877,15.149,13.274,18.88,21.263,15.619,14.307,32.173,21.493,18.994,18.276,19.178,20.036,20.701,13.307,10.436,13.876,35.599,18.526,12.064,11.599,12.567,23.358,14.735,13.813,16.818,19.568,17.353,10.611,12.75,16.482,19.985,11.461,20.925,11.628,19.302,17.113,8.6243,19.844,13.472,7.8208,18.076,11.369,15.022,12.962,19.319,8.9239,11.769,13.673,18.064,18.559,8.518,7.022,0,18.13,21.262,10.812,11.358,9.2535,19.877,14.97,22.405,20.371,8.5215,19.818,23.91,10.137,10.244,12.841,8.5757,23.563,7.5759,19.184,11.291,19.08
19.928,17.232,15.335,34.197,35.515,29.499,36.981,37.381,39.082,30.139,20.907,15.636,20.845,15.447,15.557,19.534,14.748,22.729,19.474,11.447,8.6977,20.014,21.637,23.459,21.066,14.816,15.329,20.774,17.404,21.075,11.275,43.006,16.911,14.964,18.769,21.416,17.331,20.619,16.438,16.656,17.068,36.459,22.431,19.406,16.296,20.299,22.758,17.055,22.597,21.292,23.08,22.273,17.478,22.356,25.627,23.152,18.236,22.231,19.463,22.506,19.404,15.22,21.19,15.623,15.492,21.711,25.94,19.691,12.966,22.547,12.441,13.847,17.365,22.703,13.866,14.02,14.71,18.13,0,10.398,8.4953,7.8008,10.844,19.228,7.9096,19.247,20.516,12.047,19.675,13.592,12.461,9.2086,9.6586,12.861,15.925,12.618,9.1266,9.0608,9.9374
18.706,25.479,16.522,41.031,35.66,26.325,37.15,36.706,39.614,29.071,19.206,18.67,18.842,17.075,18.057,18.617,17.716,20.608,18.514,13.074,10.229,27.738,20.999,21.512,19.795,16.837,18.419,19.301,22.074,24.156,16.958,43.387,17.202,15.095,17.873,20.331,17.076,20.038,17.758,25.338,19.246,35.922,20.867,25.692,20.224,26.398,22.118,26.477,28.253,26.891,20.82,19.248,21.215,23.603,24.31,20.315,26.853,23.187,26.753,20.24,19.176,22.41,20.365,21.501,21.767,20.153,24.865,21.595,16.115,20.569,17.938,18.605,22.148,20.341,17.203,21.283,21.68,21.262,10.398,0,11.849,12.152,13.958,17.678,8.0148,17.525,20.952,15.196,19.065,11.991,14.842,14.639,11.626,14.614,11.168,14.673,8.4897,12.879,10.044
16.23,13.097,9.9846,37.917,35.071,28.534,36.558,30.895,29.572,27.663,20.479,12.928,19.34,13.843,10.949,16.019,11.509,12.435,16.966,12.339,11.971,18.058,20.256,20.372,17.969,12.249,11.538,17.623,20.924,14.21,10.555,43.76,18.823,16.558,18.167,20.109,19.547,19.654,12.02,11.57,13.912,36.136,18.773,15.552,13.926,16.953,22.63,15.883,20.299,18.301,18.669,17.744,12.498,20.293,20.289,22.029,14.111,22.574,17.763,19.439,17.445,14.745,20.956,12.512,10.504,20.334,14.834,17.187,10.863,20.027,10.456,10.652,16.507,19.579,19.122,14.695,10.456,10.812,8.4953,11.849,0,9.4145,9.974,19.031,10.944,21.39,20.552,11.435,18.655,20.713,13.077,10.627,9.0718,10.501,20.677,8.2217,15.917,10.9,15.548
16.205,13.904,10.498,35.209,36.03,28.363,35.421,30.507,29.937,26.967,20.437,14.72,18.705,14.423,12.642,18.104,11.982,20.232,17.292,12.251,10.791,15.911,19.82,20.443,16.638,12.013,11.875,18.188,21.219,18.122,11.754,43.34,19.197,15.767,16.382,20.296,19.998,18.375,11.866,12.278,13.81,37.09,18.967,14.486,12.918,19.676,22.654,14.568,17.853,19.427,18.351,18.507,14.685,18.454,21.688,20.938,13.524,21.408,14.635,19.858,18.622,12.093,20.486,13.39,12.167,19.634,18.162,17.686,12.022,20.69,11.453,11.158,18.175,18.328,19.39,11.87,12.518,11.358,7.8008,12.152,9.4145,0,10.561,20.209,11.144,21.02,20.616,11.194,20.709,21.419,13.13,10.7,9.7614,10.764,22.449,10.49,13.978,9.1137,16.276
17.268,13.667,12.725,38.65,33.488,30.367,39.303,38.825,32.863,29.72,19.568,15.988,19.786,16.708,12.382,18.322,15.337,21.55,18.2,14.879,13.79,15.838,21.775,19.772,18.128,15.008,13.896,18.41,23.834,26.109,14.798,42.848,18.955,17.136,17.899,20.317,17.441,20.081,24.432,12.568,15.589,34.333,16.915,12.754,12.702,13.326,24.289,14.36,15.333,16.119,18.097,18.006,11.144,15.076,16.9,22.484,14.115,22.578,13.151,20.298,16.697,10.611,21.041,15.085,9.8284,18.652,12.98,16.909,12.942,20.326,9.3962,10.615,11.111,19.712,18.648,9.357,8.9402,9.2535,10.844,13.958,9.974,10.561,0,17.886,12.84,20.557,19.234,7.3836,18.3,20.883,8.6768,10.15,9.8608,6.7192,20.6,7.2085,16.97,10.169,17.942
10.849,23.192,21.647,47.984,31.985,26.912,39.561,39.657,40.845,28.082,12.403,22.916,15.195,23.777,21.888,7.8279,22.367,20.233,9.9967,22.449,19.515,25.863,14.28,13.774,11.818,22.22,21.787,12.578,14.858,21.636,21.953,47.913,11.571,19.617,12.168,14.065,13.261,12.644,21.511,22.676,24.129,32.172,13.1,22.205,19.624,22.883,16.442,24.917,25.295,22.534,13.339,11.709,21.657,22.674,22.073,13.554,23.486,16.678,22.06,11.76,13.129,20.039,13.086,23.961,19.928,12.938,21.596,23.278,20.403,12.327,18.528,17.849,19.301,16.178,18.13,19.427,20.16,19.877,19.228,17.678,19.031,20.209,17.886,0,19.152,13.677,11.7,18.589,9.9726,19.244,18.047,19.507,18.557,17.328,18.856,18.898,19.057,19.964,19.597
17.883,19.144,11.865,37.223,36.344,27.842,36.017,29.908,38.918,27.336,19.233,14.9,15.723,14.59,14.28,18.601,14.48,15.566,17.377,12.31,8.2283,20.863,21.748,22.312,18.36,13.959,14.227,19.431,23.119,17.255,11.328,42.754,17.043,14.727,17.125,20.594,17.006,19.851,13.776,18.33,17.039,37.14,19.489,20.237,17.763,21.756,22.183,19.394,23.945,21.105,20.674,20.018,17.683,19.813,24.441,20.34,18.231,24.234,20.739,21.371,17.987,17.996,20.45,16.737,14.775,19.895,20.959,19.584,13.053,20.29,11.992,13.643,20.721,20.772,19.153,14.888,13.904,14.97,7.9096,8.0148,10.944,11.144,12.84,19.152,0,19.319,18.994,12.442,18.785,16.428,12.809,9.2378,9.0562,11.707,18.085,11.208,10.962,9.7421,10.269
12.424,24.919,23.562,49.025,32.007,28.057,39.51,40.488,43.648,30.37,15.553,25.957,13.839,25.946,23.541,14.587,25.414,22.61,12.779,23.798,20.469,27.688,20.185,19.461,14.729,24.866,24.827,18.989,20.607,23.734,23.106,48.567,15.981,18.501,10.868,19.741,11.443,18.372,24.496,24.228,26.244,31.9,15.886,24.658,22.993,24.511,21.66,26.231,27.662,25.406,19.419,18.08,24.776,24.534,22.452,19.033,26.233,21.819,24.892,19.638,14.203,22.522,18.443,25.813,22.443,17.239,23.301,25.365,24.459,16.134,20.529,20.241,22.398,20.505,14.063,22.185,23.025,22.405,19.247,17.525,21.39,21.02,20.557,13.677,19.319,0,18.06,17.978,17.292,17.632,18.39,18.37,18.53,15.741,17.357,17.819,17.499,18.372,17.855
13.088,21.863,21.291,45.721,36.443,26.103,28.525,38.612,37.87,24.765,13.803,22.14,22.177,22.498,20.797,10.696,22.401,19.535,12.659,23.522,20.925,24.42,9.2049,11.784,14.651,21.65,21.395,10.449,11.482,20.347,20.123,41.721,14.518,20.48,14.844,11.181,17.301,11.152,21.511,21.99,23.484,35.918,11.99,21.505,17.94,23.118,14.603,22.38,24.978,21.351,10.975,12.389,21.282,22.278,20.047,14.264,22.354,14.438,21.856,11.156,13.624,19.622,12.223,23.689,20.254,12.975,21.123,22.697,19.535,12.738,19.485,19.204,20.441,12.546,20.448,19.454,20.512,20.371,20.516,20.952,20.552,20.616,19.234,11.7,18.994,18.06,0,19.838,10.992,23.299,21.749,23.552,20.282,17.967,22.251,19.435,22.213,21.922,21.856
19.408,12.576,13.553,37.463,34.362,33.084,34.612,32.111,32.428,28.804,19.943,17.359,22.853,18.355,12.973,18.298,15.866,18.686,18.22,16.551,15.407,17.069,20.816,19.521,18.009,16.563,14.981,19.461,23.334,13.649,13.96,42.22,21.176,18.908,17.75,19.122,18.625,19.592,13.43,11.691,17.177,35.337,17.618,10.999,11.512,11.221,22.247,14.857,14.128,16.45,18.63,19.428,10.056,13.814,15.282,19.045,11.989,20.505,10.727,19.686,17.569,9.1077,18.863,15.276,8.6152,18.234,10.564,16.79,13.851,19.339,9.3571,12.311,8.9279,17.958,20.778,9.5117,7.1313,8.5215,12.047,15.196,11.435,11.194,7.3836,18.589,12.442,17.978,19.838,0,19.928,24.463,9.4262,10.321,11.217,8.604,23.899,11.21,21.062,11.388,21.38
14.558,21.798,21.201,46.66,33.618,26.51,33.962,39.181,38.542,26.999,13.261,22.251,21.221,22.325,20.371,10.495,21.513,19.089,13.217,23.102,21.043,24.597,12.281,12.952,15.403,21.67,21.603,12.795,11.914,19.969,22.7,42.757,13.861,19.822,15.198,12.604,17.037,12.24,21.248,21.988,23.232,33.427,12.803,21.729,18.479,22.987,14.125,21.951,23.653,20.811,13.195,11.667,20.437,21.217,20.777,12.106,22.247,14.118,22.764,10.721,14.112,19.551,12.429,22.59,19.3,11.907,20.993,21.949,20.116,12.59,18.687,17.773,19.818,12.709,19.929,18.865,19.644,19.818,19.675,19.065,18.655,20.709,18.3,9.9726,18.785,17.292,10.992,19.928,0,19.871,19.246,22.436,22.242,16.933,20.854,19.537,20.529,21.954,21.325
19.31,25.516,23.929,40.303,35.265,27.931,38.108,37.12,40.025,30.242,19.861,25.167,17.707,25.505,23.58,19.174,23.69,23.668,19.467,17.567,14.73,27.639,21.931,20.76,20.387,25.041,24.416,21.339,22.814,24.546,19.78,44.305,15.696,12.82,18.76,21.907,17.594,19.719,24.207,25.8,25.108,35.719,20.56,26.76,24.93,27,22.713,26.645,27.527,27.135,21.189,20.91,25.974,26.254,25.398,20.85,27.286,23.607,27.291,21.242,20.496,24.191,21.367,25.85,23.289,20.564,25.532,26.012,24.133,19.463,21.03,20.27,25.093,22.142,14.55,21.25,23.797,23.91,13.592,11.991,20.713,21.419,20.883,19.244,16.428,17.632,23.299,24.463,19.871,0,17.932,16.782,19.461,17.58,7.4745,18.357,9.9743,17.868,9.6017
17.87,15.397,14.659,37.739,34.648,31.2,33.892,31.777,33.671,28.102,20.912,18.203,19.945,18.571,14.791,19.318,17.285,23.228,19.163,17.249,16.018,18.078,21.219,20.285,20.62,17.461,16.516,20.848,24.108,25.311,14.24,41.475,19.728,17.141,17.915,20.551,18.35,20.774,17.878,14.404,17.528,36.216,17.071,13.24,13.249,13.684,23.53,16.379,15.208,16.391,22.382,19.15,12.457,15.862,15.151,20.575,15.105,22.646,14.305,20.916,18.196,11.273,20.48,15.906,10.552,19.937,11.996,17.706,15.517,21.313,11.029,13.118,11.729,20.23,20.602,10.967,9.4473,10.137,12.461,14.842,13.077,13.13,8.6768,18.047,12.809,18.39,21.749,9.4262,19.246,17.932,0,10.794,12.076,9.1192,21.272,9.6508,19.665,11.325,20.136
19.811,15.457,11.408,34.367,35.447,30.651,33.427,30.514,30.06,28.631,20.003,14.802,21.5,14.288,12.492,19.874,13.424,22.726,20.916,13.254,12.549,15.07,23.659,21.32,21.445,14.232,12.334,20.174,25.078,26.25,11.312,40.817,20.526,16.293,18.906,20.836,20.3,21.774,23.856,13.125,15.043,36.646,19.225,13.795,14.053,16.278,24.855,15.968,20.211,20.064,20.974,21.259,13.037,17.814,18.431,21.932,15.709,25.143,14.798,22.767,19.512,11.852,21.158,13.667,11.535,19.844,16.278,16.221,11.603,21.914,9.4464,12.609,14.815,21.125,19.921,10.493,10.019,10.244,9.2086,14.639,10.627,10.7,10.15,19.507,9.2378,18.37,23.552,10.321,22.436,16.782,10.794,0,11.957,12.639,21.232,11.731,16.877,10.573,16.796
18.754,12.734,9.7825,33.974,36.232,29.444,35.07,29.119,29.511,27.95,20.325,12.152,20.053,12.032,12.26,16.82,12.282,17.012,18.722,11.434,11.023,14.214,21.101,20.865,18.965,11.313,11.539,18.169,25.39,16.514,10.393,41.63,20.311,15.959,17.29,18.635,21.358,19.333,10.941,11.247,13.133,37.572,19.277,14.891,14.685,15.443,23.844,15.122,22.537,19.616,18.774,20.148,16.374,19.216,22.223,21.527,13.983,21.377,15.199,20.305,16.189,13.097,22.278,13.468,12.319,19.785,18.07,18.116,9.5666,21.287,9.9174,11.623,12.81,19.544,19.288,13.032,15.001,12.841,9.6586,11.626,9.0718,9.7614,9.8608,18.557,9.0562,18.53,20.282,11.217,22.242,19.461,12.076,11.957,0,11.452,21.766,11.22,17.289,9.4831,14.252
17.481,13.208,12.672,38.522,33.156,30.116,38.076,32.744,32.911,28.705,18.308,16.736,17.01,16.68,12.397,16.2,15.925,14.951,17.428,16.171,15.033,16.871,19.1,19.68,17.896,16.677,14.627,16.724,20.963,13.503,13.855,42.531,17.54,18.345,17.679,18.716,17.816,18.601,14.135,11.813,15.618,34.322,17.513,12.637,11.698,14.406,21.799,15.069,15.9,16.281,16.618,17.857,10.334,16.948,16.725,19.907,13.154,20.333,13.583,17.929,16.578,8.9952,19.226,15.724,8.9677,17.98,14.649,17.24,13.292,17.854,8.0813,9.8343,11.079,17.36,18.618,9.1619,8.1244,8.5757,12.861,14.614,10.501,10.764,6.7192,17.328,11.707,15.741,17.967,8.604,16.933,17.58,9.1192,12.639,11.452,0,23.115,8.0074,18.244,11.734,18.528
18.914,25.976,22.403,40.212,36.116,27.214,37.181,36.455,39.391,29.094,19.724,25.418,15.835,25.309,23.519,19.473,23.948,23.689,19.138,18.589,15.851,27.865,21.107,20.926,19.377,24.493,24.493,20.191,21.798,24.775,21.228,44.148,15.538,14.148,18.829,20.944,18.363,19.799,23.481,26.082,25.147,36.802,20.955,26.752,24.68,26.944,22.471,26.286,27.547,27.205,21.535,20.416,25.778,26.318,25.234,21.946,26.834,23.501,27.346,20.294,19.208,24.655,20.636,23.174,23.509,20.316,25.759,26.11,21.607,18.848,21.638,19.766,25.224,22.236,12.442,23.3,22.955,23.563,15.925,11.168,20.677,22.449,20.6,18.856,18.085,17.357,22.251,23.899,20.854,7.4745,21.272,21.232,21.766,23.115,0,20.485,9.9893,23.433,9.0425
19.03,11.681,10.883,36.701,35.162,29.271,37.484,31.734,30.261,28.295,19.679,15.332,22.503,16.622,10.619,18.131,15.477,17.733,18.646,15.775,13.963,15.487,19.708,20.165,18.594,15.279,13.552,17.893,22.203,25.844,13.215,32.62,19.745,18.351,18.674,19.827,18.959,20.845,11.53,10.96,14.108,36.25,18.395,11.807,11.586,13.359,22.868,14.061,13.656,16.964,19.526,19.659,10.911,13.367,16.654,20.641,12.246,22.273,12.262,19.346,17.204,8.4134,20.726,13.583,8.064,18.553,10.62,16.086,13.132,20.981,8.8379,10.753,9.9363,19.61,19.995,9.3158,7.292,7.5759,12.618,14.673,8.2217,10.49,7.2085,18.898,11.208,17.819,19.435,11.21,19.537,18.357,9.6508,11.731,11.22,8.0074,20.485,0,19.435,10.916,19.927
19.197,22.754,19.391,40.29,34.666,28.68,37.404,37.215,39.648,31.118,20.12,18.302,18.836,17.465,22.999,19.294,16.972,20.7,19.34,12.249,9.6595,27.707,17.806,15.135,19.956,16.424,17.247,20.264,18.689,22.183,14.074,44.136,16.06,14.474,18.795,21.569,17.853,21.141,24.203,23.75,20.965,35.667,22.301,24.226,18.54,23.196,22.158,22.207,28.414,25.182,19.339,20.659,23.259,22.524,24.009,21.445,23.327,23.765,25.097,21.631,20.232,19.74,20.808,17.688,21.455,20.214,22.871,23.728,16.786,21.343,17.28,15.148,22.081,22.801,15.253,17.097,20.072,19.184,9.1266,8.4897,15.917,13.978,16.97,19.057,10.962,17.499,22.213,21.062,20.529,9.9743,19.665,16.877,17.289,18.244,9.9893,19.435,0,11.314,8.1657
20.735,14.862,10.035,34.075,36.612,28.837,34.992,29.309,28.788,29.42,20.748,14.086,21.487,14.357,11.485,19.313,13.622,18.414,20.373,13.287,12.178,15.771,21.988,20.146,19.284,12.589,11.924,19.897,23.198,24.336,11.109,40.989,20.874,15.887,19.399,19.95,20.571,19.653,11.719,13.231,14.009,37.728,20.11,14.1,13.523,18.397,22.869,15.773,17.753,19.978,19.966,21.311,16.392,18.132,21.005,20.525,14.642,20.969,15.859,21.988,19.055,12.196,20.95,12.932,12.209,18.426,16.881,17.861,12.808,19.865,8.602,12.004,15.442,19.897,18.972,11.605,12.567,11.291,9.0608,12.879,10.9,9.1137,10.169,19.964,9.7421,18.372,21.922,11.388,21.954,17.868,11.325,10.573,9.4831,11.734,23.433,10.916,11.314,0,17.218
19.413,23.196,15.797,38.673,36.242,28.285,37.032,36.002,39.525,30.15,21.018,17.596,20.748,16.644,19.757,19.932,16.391,23.288,19.531,11.114,9.5107,23.348,18.458,15.418,20.641,15.596,16.371,21.518,19.601,23.949,15.909,42.949,16.542,14.979,19.647,21.575,17.945,21.209,16.647,22.8,18.344,37.081,21.351,24.768,18.521,24.138,22.75,22.582,26.517,25.411,18.822,20.468,21.295,23.266,25.127,21.47,24.644,23.797,28.197,22.771,21.012,22.12,21.013,19.854,20.591,16.829,24.186,21.323,15.621,22.86,17.019,16.614,22.636,22.243,15.402,17.525,21.776,19.08,9.9374,10.044,15.548,16.276,17.942,19.597,10.269,17.855,21.856,21.38,21.325,9.6017,20.136,16.796,14.252,18.528,9.0425,19.927,8.1657,17.218,0
