0,8.7503,9.4067,9.1541,9.0121,23.911,23.12,25.17,11.362,13.962,6.7093,7.7098,7.5765,10.878,8.6673,8.9686,8.5575,23.396,9.899,9.2249,7.4991,6.4919,7.5773,7.6061,10.467,7.211,7.5517,10.929,6.9409,11.131,10.025,8.3652,8.7933,23.42,19.412,9.1307,8.7914,23.122,22.505,12.912,24.83,6.8001,21.593,12.365,12.566,22.179,8.6429,22.593,25.48,13.074,23.683,20.763,19.834,24.201,11.878,24.273,24.324,26.816,9.8933,23.709,23.423,25.925,23.399,23.869,25.507,24.549,24.563,26.95,26.293,8.569,38.068,22.486,10.021,22.463,25.316,26.607,19.56,10.661,21.627,20.883,21.733,25.047,20.342,22.666,10.006,22.28,22.029,17.538,20.328,20.287,15.61,10.243,23.089,20.862,13.802,22.296,21.861,19.821,12.56,10.225,22.46,36.764,22.687,13.37,15.336,24.63,22.536,23.102,15.562
8.7503,0,10.463,14.391,12.572,20.705,18.422,23.699,11.204,14.097,10.294,11.251,8.1903,13.511,10.731,13.948,10.771,20.284,14.758,8.3429,9.4332,10.333,11.021,10.76,11.512,9.921,10.005,12.154,10.781,13.95,15.18,10.825,9.8115,18.913,20.544,12.321,11.418,20.745,19.092,14.715,21.722,9.402,19.365,14.003,13.348,18.097,11.233,23.449,24.558,9.3371,22.064,17.167,21.036,23.205,10.399,19.286,20.025,26.192,12.012,24.392,23.136,25.886,20.037,19.173,25.608,23.208,22.959,28.441,27.804,8.8682,37.263,20.907,10.701,23.02,24.378,27.345,17.135,11.256,19.298,18.535,21.136,22.338,19.047,21.588,10.891,21.599,18.264,16.561,24.512,19.894,13.353,9.7477,22.295,18.934,13.965,21.563,22.742,25.162,11.407,10.961,21.917,40.486,23.203,12.388,15.773,25.68,22.199,21.778,16.012
9.4067,10.463,0,12.261,12.277,22.206,22.275,23.253,14.957,16.164,11.244,12.247,12.009,15.709,12.194,13.791,10.262,20.843,13.53,18.876,12.716,10.323,11.566,11.66,11.291,11.668,15.903,12.67,12.267,13.695,14.086,13.301,8.8452,21.848,20.154,13.12,8.8601,21.707,21.598,12.887,23.092,10.599,17.733,23.215,13.651,17.708,11.52,22.16,23.846,23.459,21.202,19.844,18.747,23.533,19.803,21.416,20.247,23.645,13.134,24.474,20.802,24.662,19.945,19.769,24.142,20.691,21.753,25.945,25.109,14.928,39.851,20.302,12.515,21.592,22.809,25.028,18.157,15.43,19.637,18.099,20.42,21.665,17.459,20.946,12.804,20.529,18.354,16.637,23.424,19.406,19.353,10.78,21.535,18.221,15.499,21.555,21.08,23.022,13.342,12.335,21.186,41.739,22.056,19.825,16.75,23.448,20.351,20.17,15.512
9.1541,14.391,12.261,0,8.0588,21.684,21.549,20.954,15.576,15.212,8.4136,9.0556,9.6737,14.337,10.295,9.5123,8.4657,20.786,9.0756,13.829,10.124,8.0571,7.1778,8.4661,11.105,8.0933,10.909,10.678,8.4338,10.085,7.6488,11.394,10.662,19.206,17.36,8.3116,8.4438,21.15,21.96,14.721,23.003,9.6305,19.668,21.773,13.318,17.712,9.6826,22.357,22.689,22.434,21.817,20.938,18.327,23.476,17.821,21.393,20.806,23.542,9.4397,20.995,20.28,24.8,20.103,21.127,24.581,23.378,22.979,27.22,25.511,12.078,36.258,19.955,9.4981,21.115,23.987,27.084,17.057,13.674,18.666,18.365,19.249,21.749,16.221,20.389,10.104,19.973,16.812,14.787,23.207,17.773,18.507,9.8324,19.963,16.822,18.206,20.53,20.492,22.12,14.634,9.9531,20.151,35.511,20.742,17.299,14.425,22.28,19.154,19.77,12.741
9.0121,12.572,12.277,8.0588,0,25.121,24.302,24.683,13.254,15.183,8.2924,9.106,10.794,12.307,12.824,10.139,10.519,20.148,9.0009,14.654,10.103,8.9495,7.3194,9.495,12.562,9.2484,11.538,10.204,8.8574,10.896,8.7395,10.664,9.8458,18.853,20.754,8.1593,10.489,23.966,24.295,14.978,25.637,12.933,20.321,18.079,12.904,18.861,11.403,23.371,25.167,23.485,22.667,22.235,19.997,25.637,15.934,20.256,20.211,25.868,8.9476,24.595,22.479,26.347,19.297,19.543,25.983,24.982,23.053,27.185,26.164,11.35,36.298,21.501,10.795,23.244,25.091,27.602,20.624,12.542,19.36,19.246,21.338,22.699,19.564,20.536,11.031,21.786,18.738,17.363,24.83,20.216,20.549,10.945,20.768,18.454,21.111,23.034,21.412,24.592,15.456,13.107,20.938,34.797,21.684,17.725,16.688,24.956,22.133,22.352,15.825
23.911,20.705,22.206,21.684,25.121,0,12.199,9.1471,18.257,20.39,18.784,19.436,18.258,20.217,17.432,19.792,17.905,10.26,19.665,18.161,18.225,18.7,19.455,18.78,18.896,18.132,16.808,19.584,18.648,20.674,20.497,19.651,16.545,8.6415,18.091,19.172,17.541,9.3176,11.997,14.928,11.145,18.332,12.437,19.305,18.563,13.506,17.987,19.103,12.133,20.963,10.664,20.798,17.79,12.68,18.201,11.036,10.671,17.122,19.242,22.806,13.056,21.607,11.205,11.021,12.888,16.315,10.356,19.918,19.203,18.497,43.71,10.072,18.566,9.0463,11.61,24.085,13.685,19.774,13.766,10.721,12.086,11.764,16.198,12.811,18.805,11.806,12.739,20.994,16.924,14.849,17.291,18.31,12.613,12.78,16.974,12.606,14.533,18.741,18.401,18.343,11.67,44.252,11.479,16.865,20.235,15.142,12.914,15.746,19.313
23.12,18.422,22.275,21.549,24.302,12.199,0,11.414,17.905,18.658,20.86,21.141,20.201,20.02,19.864,21.551,19.002,11.535,21.302,17.911,19.039,20.101,21.209,19.6,19.077,20.337,19.293,20.273,21.109,21.642,21.856,20.19,19.245,10.387,15.138,20.815,20.138,8.3313,8.1683,14.373,13.963,18.142,9.9744,18.391,18.941,11.004,19.439,18.22,18.199,18.389,12.859,17.773,15.793,14.68,17.4,13.205,10.925,15.926,20.205,17.949,13.14,20.703,13.216,12.23,14.596,13.84,11.665,19.051,18.674,20.537,40.961,11.353,20.034,11.727,10.803,19.856,14.038,21.266,11.692,10.471,12.371,13.267,13.375,12.636,20.141,10.658,11.463,19.28,14.602,12.899,14.035,19.727,12.959,11.484,15.661,12.874,13.903,17.328,17.345,19.413,11.452,43.381,12.753,14.283,17.122,13.915,11.955,12.248,19.111
25.17,23.699,23.253,20.954,24.683,9.1471,11.414,0,17.292,21.953,17.705,18.122,17.237,21.597,15.867,19.369,16.979,10.019,19.506,15.678,18.684,17.514,18.11,17.641,17.952,16.948,16.203,18.643,17.409,19.867,19.138,19.218,15.839,10.755,16.009,18.271,16.826,11.131,14.475,16.989,13.801,17.733,14.418,17.388,19.106,15.512,17.732,18.986,17.807,17.569,11.039,17.995,18.76,13.181,17.288,11.985,12.484,14.976,18.174,18.037,12.142,21.935,11.068,11.053,14.8,18.53,12.281,19.72,16.268,18.353,41.107,10.819,17.815,9.9428,13.231,22.056,15.252,19.451,14.696,12.462,11.818,11.797,16.749,13.595,17.624,12.721,14.093,20.867,13.45,16.093,15.683,18.084,12.807,14.454,15.82,11.339,13.702,15.914,17.925,17.31,12.47,40.822,12.527,16.523,18.72,12.821,13.46,12.713,20.341
11.362,11.204,14.957,15.576,13.254,18.257,17.905,17.292,0,13.321,12.259,12.436,10.491,13.09,9.9934,12.632,9.2548,15.186,14.512,9.0395,11.327,11.02,12.306,11.486,8.9801,11.438,10.313,14.114,12.097,13.119,14.889,11.92,9.9227,11.727,16.168,12.706,10.898,17.11,16.162,11.84,19.569,8.8982,14.276,12.034,10.202,15.767,10.43,20.805,22,14.375,18.814,18.268,17.996,20.337,10.317,19.624,17.936,21.967,13.145,19.897,18.384,23.035,17.847,16.767,20.803,19.567,17.604,24.562,23.617,12.67,39.02,14.677,11.901,16.938,17.958,23.66,14.219,14.805,14.81,16.029,16.177,19.435,15.618,15.701,13.021,14.374,15.055,14.943,21.229,14.808,12.861,11.943,15.559,16.194,12.876,15.303,19.201,21.516,13.446,12.072,16.185,41.236,13.848,11.843,15.466,19.403,13.563,14.415,14.937
13.962,14.097,16.164,15.212,15.183,20.39,18.658,21.953,13.321,0,11.885,11.245,12.527,9.3435,14.587,10.98,13.373,17.959,12.251,14.371,11.407,12.449,11.298,12.179,14.551,13.059,14.045,14.562,12.329,10.997,14.034,11.087,15.723,22.823,21.666,12.059,15.487,21.734,19.109,15.568,22.01,13.036,18.459,17.748,13.775,17.014,12.936,23.105,21.74,16.713,22.577,21.515,18.31,23.604,16.62,19.582,19.599,26.032,12.695,25.516,22.217,26.266,20.159,19.032,27.416,25.565,24.58,27.688,26.095,12.998,35.518,18.959,14.046,21.881,24.639,28.55,19.545,14.068,18.086,20.109,20.942,22.141,20.767,21.458,13.408,22.019,20.685,16.613,23.525,19.351,19.616,14.324,20.703,18.909,16.407,21.685,22.696,21.333,15.97,14.986,20.827,36.644,21.205,15.749,15.932,24.079,21.785,21.635,16.812
6.7093,10.294,11.244,8.4136,8.2924,18.784,20.86,17.705,12.259,11.885,0,8.0349,8.8542,10.794,10.515,7.9706,9.3278,19.534,8.5139,14.759,7.4785,6.8066,5.9578,6.4844,11.029,7.0452,10.467,9.33,5.6254,8.4664,8.4904,8.3897,11.593,18.025,20.694,8.143,8.7649,22.181,22.064,15.395,24.546,9.5298,20.672,20.704,14.941,18.408,9.1113,22.162,24.879,24.359,21.038,21.851,19.86,25.344,18.237,19.927,19.922,24.955,8.629,24.798,21.378,25.152,18.275,18.796,25.156,23.357,22.452,26.948,26.293,8.7127,36.045,21.357,9.5254,21.881,23.911,25.98,19.492,9.7618,18.983,17.689,20.207,21.317,19.715,20.241,8.6656,20.308,18.299,16.689,23.701,19.611,19.545,9.1289,19.132,17.732,20.624,21.394,21.174,23.357,13.007,10.119,19.904,34.92,21.157,21.071,16.001,23.204,20.423,21.019,15.864
7.7098,11.251,12.247,9.0556,9.106,19.436,21.141,18.122,12.436,11.245,8.0349,0,7.15,12.43,10.108,8.0609,9.4833,18.457,8.2542,15.869,8.0515,7.5645,8.2512,8.7984,11.561,8.5373,12.325,9.9865,7.5438,10.395,11.009,6.6465,14.098,20.336,20.677,9.8819,9.9189,23.702,24.362,15.141,25.727,9.374,21.093,24.045,15.118,17.675,10.633,22.151,25.698,24.804,24.159,18.679,18.307,25.057,17.864,20.346,18.717,26.477,9.2303,24.808,21.393,27.483,16.834,17.828,26.984,24.367,24.346,27.528,26.977,7.6794,34.935,20.118,10.039,24.327,25.331,28.293,18.274,10.349,18.074,19.164,19.743,20.564,19.005,18.897,10.544,19.781,19.065,17.488,23.987,18.437,20.622,10.241,19.875,16.631,20.786,20.41,19.897,24.515,15.502,11.696,19.031,34.53,19.434,20.031,16.979,24.723,19.385,21.328,17.056
7.5765,8.1903,12.009,9.6737,10.794,18.258,20.201,17.237,10.491,12.527,8.8542,7.15,0,12.735,8.4406,10.186,9.1972,15.912,10.222,7.8372,9.0136,9.1809,9.1896,9.9982,10.839,8.6771,7.0797,11.691,9.7278,12.198,12.846,8.282,8.0135,13.047,18.467,10.231,9.7797,20.35,18.918,13.799,21.651,7.7271,17.332,14.942,12.662,15.374,11.423,19.259,21.124,14.428,19.231,17.984,16.767,22.306,8.8107,17.872,15.882,26.201,10.581,24.384,18.96,27.514,16.9,15.831,23.123,20.848,21.04,24.746,27.317,7.392,38.131,15.428,9.3981,20.772,23.021,30.975,15.674,10.6,15.712,16.168,16.001,18.45,17.995,14.429,10.135,15.396,17.309,16.079,19.613,18.022,14.653,9.6249,14.142,16.525,13.596,14.702,16.287,20.714,12.651,10.986,16.125,36.5,13.56,13.169,15.531,22.137,14.677,16.126,16.518
10.878,13.511,15.709,14.337,12.307,20.217,20.02,21.597,13.09,9.3435,10.794,12.43,12.735,0,12.024,9.5778,10.594,17.658,9.7357,13.024,8.427,9.2177,8.8468,9.702,12.931,9.4336,11.532,12.366,9.1868,9.5698,11.254,9.8568,13.582,15.73,18.712,10.033,12.434,19.85,19.266,14.082,23.257,12.501,17.867,20.121,12.321,15.524,10.509,19.986,22.526,20.583,21.451,18.345,15.796,21.947,16.694,18.469,18.325,23.905,10.663,22.528,20.169,22.917,19.592,18.572,26.279,22.954,20.866,24.502,23.856,13.282,37.425,18.525,10.705,21.114,22.796,26.778,16.383,11.767,17.621,17.655,18.061,20.49,17.355,17.893,10.758,19.053,17.542,15.114,20.483,17.909,15.974,12.018,17.878,15.76,14.302,18.289,19.462,21.647,14.175,12.008,17.926,38.179,17.734,15.359,14.92,21.567,16.33,17.768,15.383
8.6673,10.731,12.194,10.295,12.824,17.432,19.864,15.867,9.9934,14.587,10.515,10.108,8.4406,12.024,0,10.066,8.4156,17.658,11.639,8.1872,8.4457,8.2889,9.4373,8.2301,9.028,7.2749,6.5471,11.945,8.6852,11.771,11.709,9.1925,8.5834,13.463,18.093,10.028,9.023,19.094,17.045,13.758,19.885,8.1323,18.584,13.742,12.989,14.249,9.5911,21.952,23.386,14.238,21.145,17.988,16.912,22.418,10.507,16.956,17.907,23.33,10.74,20.889,19.959,25.093,19.056,18.022,23.286,21.907,20.015,26.344,26.004,8.9542,37.941,17.875,10.718,19.636,21.645,27.231,15.672,11.218,16.382,17.245,18.652,20.222,18.578,16.501,9.9027,16.995,17.07,16.373,20.427,17.801,15.514,11.035,17.239,15.725,13.625,16.503,19.63,23.586,12.932,10.031,17.696,38.055,15.814,13.567,15.617,22.337,16.016,17.586,16.203
8.9686,13.948,13.791,9.5123,10.139,19.792,21.551,19.369,12.632,10.98,7.9706,8.0609,10.186,9.5778,10.066,0,11.765,20.051,7.9264,17.038,7.4153,9.4917,6.653,7.6684,14.192,11.764,14.835,10.851,6.8722,8.1439,9.2122,7.2299,17.405,21.878,19.908,7.91,11.236,21.483,22.951,16.093,23.777,16.045,19.018,22.191,16.642,19.634,9.986,20.016,23.639,23.292,23.181,20.121,19.67,24.014,19.134,22.473,21.076,24.101,8.7194,23.845,20.806,25.449,19.731,20.039,31.834,23.567,22.636,26.749,26.74,13.82,33.482,21.235,10.349,24.333,23.082,34.055,16.91,9.0932,16.964,17.441,18.841,20.823,18.499,18.071,9.5095,19.221,18.57,15.794,22.057,18.269,18.999,9.92,19.921,16.571,19.669,19.617,19.313,22.145,18.561,10.609,17.899,34.193,18.329,19.451,15.328,22.029,18.555,19.134,15.683
8.5575,10.771,10.262,8.4657,10.519,17.905,19.002,16.979,9.2548,13.373,9.3278,9.4833,9.1972,10.594,8.4156,11.765,0,18.289,10.576,12.674,8.6107,6.8432,8.3308,8.0416,8.4696,7.5895,8.474,10.143,8.4407,11.058,10.693,8.942,10.257,15.545,18.62,9.0768,7.6462,19.335,18.518,9.7152,20.207,7.3491,18.764,19.374,10.498,15.213,7.4208,20.65,22.988,20.947,20.191,17.49,15.73,21.867,14.584,19.139,17.812,22.165,9.0951,22.642,20.768,24.952,17.743,17.922,23.12,20.18,20.417,23.613,23.252,9.9864,38.441,18.986,7.5865,20.171,22.141,26.885,13.739,11.27,15.631,16.16,16.328,19.235,16.656,14.418,8.1771,14.302,14.926,13.989,20.798,15.911,13.516,8.4108,16.464,14.572,12.751,14.819,18.248,22.56,11.627,8.5094,16.684,38.564,15.23,11.529,14.045,21.424,13.691,15.937,12.507
23.396,20.284,20.843,20.786,20.148,10.26,11.535,10.019,15.186,17.959,19.534,18.457,15.912,17.658,17.658,20.051,18.289,0,17.81,15.033,16.896,16.979,17.315,16.521,16.528,16.548,15.143,17.377,17.119,18.207,18.386,17.164,16.498,11.466,13.489,16.732,16.944,10.323,12.822,16.457,11.701,16.36,10.949,15.389,17.009,12.299,16.85,16.039,13.702,16.878,9.7856,14.901,17.111,14.175,16.42,10.526,10.438,12.713,16.27,15.807,10.74,17.436,9.336,9.3799,13.425,15.852,11.362,16.131,13.883,17.109,38.54,9.0184,16.24,10.167,11.331,17.236,14.126,18.543,11.559,10.185,9.9701,10.765,14.327,10.804,17.16,11.481,13.632,19.225,12.037,13.961,14.321,17.226,10.971,11.43,13.662,10.599,11.116,12.954,16.068,16.773,9.7745,40.724,9.3138,13.852,17.414,12.717,10.521,10.972,19.157
9.899,14.758,13.53,9.0756,9.0009,19.665,21.302,19.506,14.512,12.251,8.5139,8.2542,10.222,9.7357,11.639,7.9264,10.576,17.81,0,12.301,7.9692,8.9153,7.8315,9.4394,12.82,9.4315,10.933,10.084,8.2951,9.5205,9.4172,8.5353,11.969,16.984,18.997,8.5024,11.169,19.123,20.092,15.631,21.7,11.232,18.533,19.359,13.833,17.589,10.73,20.803,22.527,22.721,19.357,22.184,17.968,20.769,16.416,17.292,17.152,25.512,9.001,24.034,20.667,27.174,16.239,17.133,22.741,22.199,21.206,26.978,25.437,10.284,31.997,17.817,10.057,19.93,21.844,33.068,17.222,8.274,17.888,16.628,17.43,18.827,17.312,16.448,9.4894,18.152,16.972,15.795,21.73,17.451,18.379,8.6417,16.4,16.462,18.938,19.517,18.516,22.081,15.351,10.661,17.263,33.219,18.206,18.333,14.552,22.75,18.616,19.19,14.455
9.2249,8.3429,18.876,13.829,14.654,18.161,17.911,15.678,9.0395,14.371,14.759,15.869,7.8372,13.024,8.1872,17.038,12.674,15.033,12.301,0,9.7257,11.656,11.989,9.1677,11.144,9.4692,8.2374,13.124,9.7859,14.17,13.139,10.114,9.7427,19.738,19.923,11.993,12.761,21.182,19.391,16.169,22.453,9.4333,20.311,13.449,12.681,17.101,11.249,24.207,25.933,12.85,23.549,17.868,21.955,23.688,8.8317,20.206,21.967,26.542,12.066,19.94,22.655,27.833,22.067,21.184,28.087,23.313,24.36,28.901,26.408,8.8705,35.936,21.312,11.421,23.258,25.245,28.739,15.815,11.242,21.112,21.525,22.662,23.762,19.544,23.228,12.734,22.206,19.386,17.544,24.961,20.148,13.867,13.21,22.518,19.913,13.67,19.375,22.654,24.568,12.862,10.755,22.634,36.337,23.318,11.82,15.464,25.442,19.178,21.952,16.328
7.4991,9.4332,12.716,10.124,10.103,18.225,19.039,18.684,11.327,11.407,7.4785,8.0515,9.0136,8.427,8.4457,7.4153,8.6107,16.896,7.9692,9.7257,0,6.3601,7.452,7.1943,10.137,6.8837,8.9344,9.3133,6.6598,9.4851,9.2578,6.9431,10.681,16.583,19.601,7.9857,10.584,17.735,17.775,13.057,20.587,7.7233,17.941,17.543,12.744,16.06,8.5075,20.873,21.049,22.961,18.822,22.778,17.863,20.047,13.874,17.221,16.569,24.724,9.2627,25.02,20.433,26.83,16.286,16.163,22.69,22.611,19.777,25.975,25.023,9.0797,34.684,17.051,9.5121,19.054,23.425,26.909,17.34,9.074,16.256,16.243,18.034,18.653,17.683,17.683,9.88,18.149,16.691,14.582,23.978,17.695,18.62,8.9354,19.042,15.106,18.731,20.163,18.596,22.761,12.878,9.7681,17.086,35.33,18.882,18.619,14.203,23.15,18.9,19.449,14.522
6.4919,10.333,10.323,8.0571,8.9495,18.7,20.101,17.514,11.02,12.449,6.8066,7.5645,9.1809,9.2177,8.2889,9.4917,6.8432,16.979,8.9153,11.656,6.3601,0,6.6404,6.7235,10.597,7.3517,10.747,9.0287,6.1226,9.9267,10.721,9.4561,9.0425,18.747,21.008,10.102,9.4091,21.105,19.716,15.025,22.27,8.1614,19.794,21.962,14.125,17.268,8.0801,22.531,23.715,24.189,21.35,20.483,19.223,22.444,17.916,20.243,20.949,26.169,10.957,23.929,22.155,26.211,18.903,19.643,25.094,23.315,21.534,28.062,26.582,9.7652,36.976,20.041,10.459,22.565,24.538,26.55,19.56,10.791,19.75,18.391,20.444,21.925,18.926,20.142,10.018,20.75,18.867,15.986,24.224,18.964,19.896,10.367,21.601,17.843,20.701,21.96,21.242,23.946,15.062,10.585,20.668,35.912,21.134,20.502,17.622,24.222,20.97,21.159,16.361
7.5773,11.021,11.566,7.1778,7.3194,19.455,21.209,18.11,12.306,11.298,5.9578,8.2512,9.1896,8.8468,9.4373,6.653,8.3308,17.315,7.8315,11.989,7.452,6.6404,0,7.354,15.024,8.9386,14.291,9.0429,6.5366,9.0431,8.2537,7.9784,19.93,22.965,19.814,7.7316,9.3839,22.026,23.606,15.794,23.845,13.956,20.311,23.776,15.666,19.477,8.9037,22.105,25.284,23.994,23.962,21.152,18.21,23.737,19.194,23.521,23.732,24.539,8.6732,24.176,21.04,25.33,20.732,21.325,32.271,24.307,25.305,26.623,25.09,13.025,34.849,22.567,8.8153,23.801,24.174,30.323,17.165,11.427,19.156,18.155,20.521,22.396,18.305,18.625,8.5869,18.931,17.283,16.078,23.462,19.701,19.751,9.4965,20.816,18.618,19.688,21.286,19.561,22.751,16.035,10.306,19.189,34.208,21.068,19.795,15.039,22.7,20.201,20.812,15.072
7.6061,10.76,11.66,8.4661,9.495,18.78,19.6,17.641,11.486,12.179,6.4844,8.7984,9.9982,9.702,8.2301,7.6684,8.0416,16.521,9.4394,9.1677,7.1943,6.7235,7.354,0,9.4164,7.3168,9.124,9.0753,6.2392,9.2598,8.205,9.3078,11.216,17.647,18.498,8.3543,9.3106,20.373,19.124,14.064,21.243,8.4076,20.09,20.62,12.498,17.184,8.4097,22.579,24.394,23.864,21.407,21.924,20.226,22.186,16.455,21.534,20.143,25.302,9.2772,24.367,20.92,26.146,19.407,20.066,23.914,22.328,21.547,27.272,26.239,10.151,35.659,21.113,10.052,21.04,24.537,24.959,18.832,10.316,18.598,18.27,19.911,21.53,18.354,20.536,8.8329,20.173,17.514,14.911,23.066,18.335,18.603,9.6705,20.336,16.894,18.858,20.596,19.94,22.285,12.955,9.4589,20.218,35.539,21.365,19.468,15.332,22.977,20.056,19.995,14.855
10.467,11.512,11.291,11.105,12.562,18.896,19.077,17.952,8.9801,14.551,11.029,11.561,10.839,12.931,9.028,14.192,8.4696,16.528,12.82,11.144,10.137,10.597,15.024,9.4164,0,8.7878,9.5593,11.407,10.19,12.303,12.626,10.639,9.8064,18.585,17.213,10.843,10.425,18.263,20.323,11.431,23.538,7.6043,15.981,11.561,11.325,13.923,8.6437,20.531,19.623,13.216,17.387,16.138,17.531,19.57,11.107,15.207,17.27,19.761,11.349,15.483,17.094,25.467,14.718,18.33,28.953,22.734,18.335,26.939,24.058,11.145,35.852,15.601,11.328,17.619,21.603,29.396,14.205,12.883,14.66,16.304,15.045,17.203,15.206,14.586,10.613,14.474,14.277,13.618,16.316,14.602,10.986,10.803,14.858,13.066,11.469,13.526,17.681,18.742,10.812,10.61,14.591,36.925,13.991,10.673,13.723,23.459,16.245,14.028,13.398
7.211,9.921,11.668,8.0933,9.2484,18.132,20.337,16.948,11.438,13.059,7.0452,8.5373,8.6771,9.4336,7.2749,11.764,7.5895,16.548,9.4315,9.4692,6.8837,7.3517,8.9386,7.3168,8.7878,0,6.4902,9.2268,6.2213,9.7986,10.024,8.827,12.398,16.873,18.56,8.1841,8.9797,21.795,21.308,12.997,23.25,9.7797,20.111,20.295,13.099,15.717,9.2263,23.129,24.437,21.89,22.069,19.916,18.708,24.206,12.993,21.411,19.67,24.229,9.0415,24.969,21.695,27.263,18.67,17.407,27.673,22.551,22.374,27.615,27.725,9.0343,35.439,18.376,9.1236,22.781,24.506,27.977,15.835,10.907,15.974,15.548,15.347,19.633,18.558,14.944,9.0515,14.584,16.202,15.979,21.917,16.747,17.283,10.184,15.309,16.369,15.321,17.744,18.861,23.85,13.007,10.386,15.572,38.032,14.947,14.436,14.858,23.788,17.556,20.744,15.137
7.5517,10.005,15.903,10.909,11.538,16.808,19.293,16.203,10.313,14.045,10.467,12.325,7.0797,11.532,6.5471,14.835,8.474,15.143,10.933,8.2374,8.9344,10.747,14.291,9.124,9.5593,6.4902,0,11.821,9.8276,13.363,12.861,9.0452,9.9596,12.863,18.8,11.686,11.136,19.934,19.151,14.892,21.602,9.0821,19.193,12.329,13.567,15.703,10.862,21.455,22.493,13.054,20.255,18.466,17.433,21.78,9.0844,18.6,17.338,23.67,12.459,22.552,19.548,23.486,17.604,17.311,22.653,20.499,19.637,25.102,25.058,8.9629,37.984,17.17,12.007,19.429,21.666,27.128,15.865,11.763,17.119,17.709,18.393,18.976,18.584,16.01,11.489,15.491,16.357,17.78,19.458,17.216,15.894,11.395,16.942,17.101,14.128,16.867,19.213,22.911,13.232,11.673,17.464,36.738,13.867,12.645,15.935,20.953,15.99,17.67,17.015
10.929,12.154,12.67,10.678,10.204,19.584,20.273,18.643,14.114,14.562,9.33,9.9865,11.691,12.366,11.945,10.851,10.143,17.377,10.084,13.124,9.3133,9.0287,9.0429,9.0753,11.407,9.2268,11.821,0,10.088,11.767,10.409,13.122,14.534,18.858,18.145,8.9758,11.848,20.804,21.036,13.85,22.625,16.721,19.878,21.708,16.915,17.644,10.532,20.785,23.566,22.516,21.672,19.224,18.32,22.35,18.575,18.459,19.246,22.643,9.1889,23.713,20.212,25.534,17.98,18.832,22.505,22.159,21.237,25.166,25.397,13.997,38.098,20.209,10.825,20.763,22.101,26.209,16.446,14.687,17.833,17.923,18.675,20.377,16.686,18.713,10.067,18.897,18.001,15.57,21.023,16.798,17.482,9.8941,19.333,17.365,15.659,17.768,19.542,21.314,14.123,11.656,19.312,35.988,19.256,16.19,14.858,20.959,18.986,18.73,14.938
6.9409,10.781,12.267,8.4338,8.8574,18.648,21.109,17.409,12.097,12.329,5.6254,7.5438,9.7278,9.1868,8.6852,6.8722,8.4407,17.119,8.2951,9.7859,6.6598,6.1226,6.5366,6.2392,10.19,6.2213,9.8276,10.088,0,9.4042,8.7912,9.2966,12.033,17.051,19.526,8.2731,8.7128,22.184,21.727,14.559,23.314,13.452,19.878,23.182,15.426,17.423,9.538,22.217,24.403,22.772,21.921,19.292,17.883,23.688,17.302,20.681,20.744,24.01,9.0959,24.212,21.661,24.347,20.389,19.694,25.406,23.206,21.582,27.824,25.922,13.122,34.785,21.246,10.09,20.669,23.618,25.108,16.9,10.272,20.386,18.904,19.908,21.487,19.199,17.949,8.9746,18.865,18.091,16.174,22.308,19.192,17.958,9.6263,16.815,17.447,15.28,19.203,21.054,22.316,13.264,9.5628,20.105,35.624,18.532,16.373,15.404,23.315,17.863,18.773,15.606
11.131,13.95,13.695,10.085,10.896,20.674,21.642,19.867,13.119,10.997,8.4664,10.395,12.198,9.5698,11.771,8.1439,11.058,18.207,9.5205,14.17,9.4851,9.9267,9.0431,9.2598,12.303,9.7986,13.363,11.767,9.4042,0,8.8308,11.394,18.818,21.252,19.76,8.6579,13.117,20.315,21.688,17.419,22.712,15.205,18.159,22.065,16.139,19.279,12.097,20.251,22.027,22.943,21.818,19.381,19.076,21.883,22.794,20.916,22.292,22.947,9.2323,22.589,19.269,22.701,21.457,21.105,27.102,23.308,23.475,24.141,23.385,13.981,34.122,20.305,11.053,23.378,23.211,24.066,17.786,12.792,17.979,18.487,18.54,20.614,17.861,19.028,10.83,19.277,19.082,15.63,21.004,18.444,18.031,12.578,19.446,18.443,17.17,19.774,19.132,20.483,16.241,11.2,19.24,38.356,18.974,18.343,15.09,20.724,18.167,18.955,15.206
10.025,15.18,14.086,7.6488,8.7395,20.497,21.856,19.138,14.889,14.034,8.4904,11.009,12.846,11.254,11.709,9.2122,10.693,18.386,9.4172,13.139,9.2578,10.721,8.2537,8.205,12.626,10.024,12.861,10.409,8.7912,8.8308,0,14.768,17.409,20.709,18.043,9.2132,10.703,21.737,22.268,17.051,23.339,19.42,19.374,21.945,18.623,20.593,12.677,20.803,23.555,24.585,21.274,19.727,19.988,22.921,20.069,21.068,22.38,23.818,9.5175,23.044,20.08,25.796,22.197,21.517,25.993,23.311,21.204,25.201,28.119,16.735,33.39,20.995,12.461,20.95,22.854,27.671,17.806,17.221,18.671,18.96,18.441,21.561,17.917,19.391,10.047,17.836,17.744,15.665,21.784,16.821,17.178,10.628,20.124,18.059,17.954,19.608,19.434,20.697,16.551,9.9853,20.119,34.149,18.656,16.712,15.721,21.698,18.143,18.37,14.365
8.3652,10.825,13.301,11.394,10.664,19.651,20.19,19.218,11.92,11.087,8.3897,6.6465,8.282,9.8568,9.1925,7.2299,8.942,17.164,8.5353,10.114,6.9431,9.4561,7.9784,9.3078,10.639,8.827,9.0452,13.122,9.2966,11.394,14.768,0,11.023,16.64,19.498,9.5481,10.891,19.336,19.615,15.356,21.425,8.6929,17.79,17.637,12.285,16.24,10.939,21.566,20.539,23.303,19.187,19.142,17.728,20.339,13.591,15.67,16.747,25.346,8.9672,24.685,20.541,26.356,15.65,16.022,22.742,22.596,20.536,25.434,24.864,8.1877,33.419,17.809,9.3102,20.067,22.659,26.179,17.574,8.5031,18.206,16.989,18.04,18.766,19.107,17.045,9.9418,19.627,17.928,15.896,22.278,19.167,20.02,10.366,19.146,17.032,20.785,20.409,18.872,23.05,14.768,10.3,17.502,34.577,18.199,18.461,14.977,23.24,19.956,20.586,15.807
8.7933,9.8115,8.8452,10.662,9.8458,16.545,19.245,15.839,9.9227,15.723,11.593,14.098,8.0135,13.582,8.5834,17.405,10.257,16.498,11.969,9.7427,10.681,9.0425,19.93,11.216,9.8064,12.398,9.9596,14.534,12.033,18.818,17.409,11.023,0,12.644,21.045,12.84,11.565,21.076,17.215,13.602,25.319,10.679,17.71,13.527,13.616,14.813,11.633,19.203,21.814,13.042,18.362,15.339,18.192,22.047,9.0909,16.475,15.923,26.214,13.264,20.38,18.663,25.145,16.327,14.986,23.129,20.243,17.759,26.699,25.877,9.6319,39.495,16.186,11.676,18.661,18.53,26.173,17.017,16.107,17.415,16.444,16.915,18.65,19.565,16.618,13.974,16.825,16.146,17.353,20.091,19.21,16.214,10.696,15.806,16.175,14.495,15.591,18.553,24.034,13.682,12.706,17.94,35.629,16.056,14.583,16.758,25.167,17.121,17.012,16.975
23.42,18.913,21.848,19.206,18.853,8.6415,10.387,10.755,11.727,22.823,18.025,20.336,13.047,15.73,13.463,21.878,15.545,11.466,16.984,19.738,16.583,18.747,22.965,17.647,18.585,16.873,12.863,18.858,17.051,21.252,20.709,16.64,12.644,0,16.453,17.998,15.789,13.177,13.249,15.15,19.3,15.951,15.566,15.457,15.808,14.774,15.962,20.721,20.111,16.532,15.716,16.879,19.056,18.29,13.748,17.203,14.966,19.101,17.552,20.786,18.208,23.596,14.426,16.337,22.39,21.14,12.841,20.809,24.176,16.894,42.242,15.502,16.447,16.559,16.628,23.621,14.523,18.57,14.294,12.153,14.705,15.434,15.798,13.143,16.622,12.657,12.211,19.476,18.289,14.86,15.182,16.159,13.607,13.298,14.025,13.427,16.504,19.635,16.042,16.361,13.161,41.993,13.08,13.681,17.287,20.864,11.566,13.806,18.113
19.412,20.544,20.154,17.36,20.754,18.091,15.138,16.009,16.168,21.666,20.694,20.677,18.467,18.712,18.093,19.908,18.62,13.489,18.997,19.923,19.601,21.008,19.814,18.498,17.213,18.56,18.8,18.145,19.526,19.76,18.043,19.498,21.045,16.453,0,15.879,17.38,15.935,16.081,15.764,17.901,16.525,15.909,19.267,16.983,18.089,16.607,20.913,18.672,21.44,15.683,18.521,14.696,15.543,18.71,17.816,16.821,18.856,15.863,19.614,16.8,21.494,17.045,17.287,18.453,20.792,16.389,20.214,17.427,16.944,36.688,15.214,15.765,15.741,15.446,21.301,14.321,16.163,14.605,14.357,15.31,17.527,14.133,16.481,16.145,13.701,14.302,17.76,18.772,13.865,13.509,15.78,16.109,14.355,15.328,14.926,15.245,15.954,17.752,17.109,15.414,38.255,14.825,13.817,16.385,16.73,14.676,15.654,17.687
9.1307,12.321,13.12,8.3116,8.1593,19.172,20.815,18.271,12.706,12.059,8.143,9.8819,10.231,10.033,10.028,7.91,9.0768,16.732,8.5024,11.993,7.9857,10.102,7.7316,8.3543,10.843,8.1841,11.686,8.9758,8.2731,8.6579,9.2132,9.5481,12.84,17.998,15.879,0,9.406,21.679,22.648,14.168,24.5,17.095,19.842,19.466,12.584,20.696,9.6659,22.066,23.928,24.039,21.503,21.661,19.62,24.973,16.769,20.56,19.393,24.858,6.3183,22.767,20.99,27.95,17.201,18.01,28.575,23.035,20.908,31.712,30.027,13.368,33.971,19.405,8.0535,21.516,26.459,30.663,18.706,12.089,18.062,17.604,18.716,20.885,16.96,17.869,7.9881,19.422,17.704,13.901,23.415,18.095,18.928,9.1401,18.537,15.831,18.972,20.559,18.944,23.073,14.658,10.559,18.743,34.377,19.651,19.505,14.461,23.523,19.059,20.432,12.714
8.7914,11.418,8.8601,8.4438,10.489,17.541,20.138,16.826,10.898,15.487,8.7649,9.9189,9.7797,12.434,9.023,11.236,7.6462,16.944,11.169,12.761,10.584,9.4091,9.3839,9.3106,10.425,8.9797,11.136,11.848,8.7128,13.117,10.703,10.891,11.565,15.789,17.38,9.406,0,21.904,22.769,13.796,23.745,9.8045,19.67,21.568,13.11,19.09,10.901,22.04,23.319,22.671,20.631,20.713,19.166,23.66,17.342,20.198,20.503,23.965,10.558,23.003,21.294,24.643,21.688,20.768,24.02,21.894,21.992,25.299,24.152,12.837,37.797,20.623,9.5192,22.55,22.994,25.087,18.658,13.84,18.962,18.75,18.831,20.266,17.305,19.566,9.6246,20.152,17.684,15.365,22.99,18.672,18.554,8.1323,20.365,18.096,19.142,20.912,20.835,22.4,12.194,9.0949,20.592,40.206,21.35,19.037,15.544,22.87,20.709,19.871,14.633
23.122,20.745,21.707,21.15,23.966,9.3176,8.3313,11.131,17.11,21.734,22.181,23.702,20.35,19.85,19.094,21.483,19.335,10.323,19.123,21.182,17.735,21.105,22.026,20.373,18.263,21.795,19.934,20.804,22.184,20.315,21.737,19.336,21.076,13.177,15.935,21.679,21.904,0,10.423,13.782,9.441,19.206,9.9647,17.453,19.059,11.059,18.29,18.46,12.695,21.874,9.3249,18.603,17.207,12.423,18.512,10.286,10.65,16.684,19.612,23.97,12.162,21.269,11.516,10.886,13.506,14.508,10.334,19.646,18.893,20.68,42.299,9.2145,19.366,9.0906,10.607,20.735,12.422,20.412,11.601,9.9468,10.562,11.117,13.228,11.113,19.179,10.474,11.055,19.582,16.106,12.126,17.278,19.318,11.584,12.339,17.122,11.127,12.263,18.108,18.173,19.201,9.9287,43.392,11.916,17.056,17.31,14.337,11.357,12.249,19.392
22.505,19.092,21.598,21.96,24.295,11.997,8.1683,14.475,16.162,19.109,22.064,24.362,18.918,19.266,17.045,22.951,18.518,12.822,20.092,19.391,17.775,19.716,23.606,19.124,20.323,21.308,19.151,21.036,21.727,21.688,22.268,19.615,17.215,13.249,16.081,22.648,22.769,10.423,0,12.702,11.222,17.631,10.309,22.712,18.84,10.252,17.912,19.437,17.084,24.325,16.14,19.109,16.555,15.507,20.135,13.899,13.349,21.546,19.296,25.673,16.593,24.249,16.174,14.909,17.95,18.383,16.333,22.821,22.781,19.873,43.533,13.412,19.313,15.055,15.926,24.346,15.311,19.918,12.769,10.694,15.312,17.957,13.525,16.487,18.535,15.08,10.735,18.196,20.831,12.336,18.631,18.774,16.94,10.805,19.25,16.633,18.94,21.856,18.496,18.636,15.764,45.036,16.307,18.475,17.414,19.711,15.05,17.11,18.291
12.912,14.715,12.887,14.721,14.978,14.928,14.373,16.989,11.84,15.568,15.395,15.141,13.799,14.082,13.758,16.093,9.7152,16.457,15.631,16.169,13.057,15.025,15.794,14.064,11.431,12.997,14.892,13.85,14.559,17.419,17.051,15.356,13.602,15.15,15.764,14.168,13.796,13.782,12.702,0,20.513,13.051,16.486,19.197,12.964,13.57,12.271,20.737,21.157,22.046,19.621,20.046,17.041,21.253,14.701,19.465,18.601,22.688,14.051,23.844,20.377,25.871,17.911,18.727,22.209,21.222,19.669,25.68,25.705,16.278,41.802,17.752,13.997,19.868,20.007,24.546,13.608,16.173,15.755,16.909,18.953,20.461,13.836,17.061,13.429,15.243,11.505,13.562,21.214,14.834,15.99,13.156,18.382,12.561,16.462,17.525,20.508,22.428,13.446,14.064,19.078,42.425,19.051,15.258,12.218,21.567,16.066,17.441,10.529
24.83,21.722,23.092,23.003,25.637,11.145,13.963,13.801,19.569,22.01,24.546,25.727,21.651,23.257,19.885,23.777,20.207,11.701,21.7,22.453,20.587,22.27,23.845,21.243,23.538,23.25,21.602,22.625,23.314,22.712,23.339,21.425,25.319,19.3,17.901,24.5,23.745,9.441,11.222,20.513,0,20.767,12.933,20.432,19.411,15.277,20.354,16.51,13.609,20.829,12.642,18.518,18.121,13.522,20.723,13.152,14.114,16.807,21.372,21.078,13.003,19.541,14.536,13.543,14.086,16.596,12.83,18.447,17.118,22.427,41.87,12.084,20.552,12.947,13.423,19.91,16.624,23.553,14.448,13.568,13.865,14.627,16.297,14.907,21.762,14.245,15.794,22.707,16.176,15.899,17.761,21.228,14.738,15.162,19.276,15.226,14.58,16.657,20.066,20.493,13.979,44.35,14.138,17.088,21.698,14.117,15.13,14.763,21.948
6.8001,9.402,10.599,9.6305,12.933,18.332,18.142,17.733,8.8982,13.036,9.5298,9.374,7.7271,12.501,8.1323,16.045,7.3491,16.36,11.232,9.4333,7.7233,8.1614,13.956,8.4076,7.6043,9.7797,9.0821,16.721,13.452,15.205,19.42,8.6929,10.679,15.951,16.525,17.095,9.8045,19.206,17.631,13.051,20.767,0,21.571,11.044,12.362,21.934,7.4459,22.456,26.081,12.526,23.969,17.002,22.849,24.284,10.65,24.354,23.166,26.689,9.5353,23.045,23.268,26.272,23.619,23.792,25.528,25.172,25.243,26.966,26.456,9.3406,37.002,23.048,8.9863,22.042,25.859,27.02,15.847,10.797,21.071,20.338,21.708,21.782,17.973,22.439,10.192,21.573,22.344,16.181,20.608,18.477,13.56,8.4519,22.98,18.953,11.87,21.176,21.99,18.334,11.165,9.7091,22.39,35.623,22.663,11.684,14.992,21.977,22.765,20.967,14.601
21.593,19.365,17.733,19.668,20.321,12.437,9.9744,14.418,14.276,18.459,20.672,21.093,17.332,17.867,18.584,19.018,18.764,10.949,18.533,20.311,17.941,19.794,20.311,20.09,15.981,20.111,19.193,19.878,19.878,18.159,19.374,17.79,17.71,15.566,15.909,19.842,19.67,9.9647,10.309,16.486,12.933,21.571,0,16.227,16.602,10.769,16.969,16.986,15.699,16.824,12.571,16.142,15.305,15.466,17.118,14.375,12.13,15.215,18.693,16.816,12.79,19.753,13.704,13.118,15.978,15.882,13.047,20.947,18.082,20.053,39.671,11.279,18.622,13.211,13.088,21.114,13.767,19.86,11.771,11.008,12.125,13.741,12.53,11.84,18.872,12.084,13.037,18.586,15.066,12.295,13.591,17.847,11.691,12.526,13.899,12.542,12.889,16.174,16.3,18.123,11.387,42.957,12.553,13.764,16.894,13.37,12.463,11.832,17.666
12.365,14.003,23.215,21.773,18.079,19.305,18.391,17.388,12.034,17.748,20.704,24.045,14.942,20.121,13.742,22.191,19.374,15.389,19.359,13.449,17.543,21.962,23.776,20.62,11.561,20.295,12.329,21.708,23.182,22.065,21.945,17.637,13.527,15.457,19.267,19.466,21.568,17.453,22.712,19.197,20.432,11.044,16.227,0,17.234,19.029,15.366,18.887,19.879,11.382,15.347,16.294,20.863,20.973,9.9794,16.224,15.189,18.543,16.184,13.46,15.876,23.758,14.309,14.888,18.659,17.427,15.06,24.203,23.421,14.751,40.14,14.928,16.307,14.547,15.873,26.557,17.528,16.146,16.733,16.344,16.071,15.663,18.754,14.911,16.312,15.704,16.757,20.078,14.084,18.535,15.667,14.819,14.877,17.736,14.967,13.83,15.784,16.71,15.414,15.384,15.424,39.584,14.122,14.94,18.694,15.12,14.019,14.824,18.961
12.566,13.348,13.651,13.318,12.904,18.563,18.941,19.106,10.202,13.775,14.941,15.118,12.662,12.321,12.989,16.642,10.498,17.009,13.833,12.681,12.744,14.125,15.666,12.498,11.325,13.099,13.567,16.915,15.426,16.139,18.623,12.285,13.616,15.808,16.983,12.584,13.11,19.059,18.84,12.964,19.411,12.362,16.602,17.234,0,15.172,11.742,19.135,22.295,20.01,20.531,18.919,17.08,23.177,14.371,18.867,18.371,23.528,13.207,24.426,19.096,22.976,18.458,18.205,25.393,21.609,21.258,25.619,24.875,14.161,39.055,18.134,12.156,21.739,22.415,26.321,13.776,15.223,16.695,17.168,17.961,20.104,16.793,17.131,13.616,17.969,16.883,15.021,21.589,16.999,15.8,12.878,17.713,16.618,16.102,18.63,18.505,22.05,14.429,13.397,17.034,41.214,17.726,14.055,14.604,22.225,17.249,18.167,14.447
22.179,18.097,17.708,17.712,18.861,13.506,11.004,15.512,15.767,17.014,18.408,17.675,15.374,15.524,14.249,19.634,15.213,12.299,17.589,17.101,16.06,17.268,19.477,17.184,13.923,15.717,15.703,17.644,17.423,19.279,20.593,16.24,14.813,14.774,18.089,20.696,19.09,11.059,10.252,13.57,15.277,21.934,10.769,19.029,15.172,0,17.776,19.936,23.56,19.811,18.665,17.287,16.439,24.129,18.501,18.659,14.022,23.74,17.944,23.463,18.78,24.944,15.839,18.254,25.028,19.498,19.011,26.108,25.715,17.52,41.49,18.114,17.879,20.014,19.128,25.693,13.664,18.575,11.975,16.605,17.514,17.126,15.143,13.775,17.579,13.069,11.772,18.418,18.278,13.782,14.992,17.719,13.562,12.56,15.675,13.975,18.903,19.709,16.795,17.731,14.205,43.088,13.002,14.35,16.602,23.731,13.365,14.715,17.153
8.6429,11.233,11.52,9.6826,11.403,17.987,19.439,17.732,10.43,12.936,9.1113,10.633,11.423,10.509,9.5911,9.986,7.4208,16.85,10.73,11.249,8.5075,8.0801,8.9037,8.4097,8.6437,9.2263,10.862,10.532,9.538,12.097,12.677,10.939,11.633,15.962,16.607,9.6659,10.901,18.29,17.912,12.271,20.354,7.4459,16.969,15.366,11.742,17.776,0,21.08,22.776,19.636,19.813,17.4,15.609,21.879,16.003,17.919,17.566,23.068,10.469,22.569,20.43,26.077,18.05,18.255,23.612,20.897,20.885,24.605,24.004,12.282,37.024,18.054,10.704,19.738,20.75,27.007,15.321,12.236,17.702,16.248,17.892,20.128,16.967,17.583,9.8722,16.753,15.485,13.981,21.75,16.639,17.132,9.5664,18.157,13.628,13.742,18.505,18.518,22.21,11.262,9.5308,18.456,37.871,17.473,11.388,13.971,21.679,17.014,18.682,13.012
22.593,23.449,22.16,22.357,23.371,19.103,18.22,18.986,20.805,23.105,22.162,22.151,19.259,19.986,21.952,20.016,20.65,16.039,20.803,24.207,20.873,22.531,22.105,22.579,20.531,23.129,21.455,20.785,22.217,20.251,20.803,21.566,19.203,20.721,20.913,22.066,22.04,18.46,19.437,20.737,16.51,22.456,16.986,18.887,19.135,19.936,21.08,0,13.389,21.135,13.29,16.989,18.845,14.769,19.323,12.887,14.533,17.335,19.832,21.875,12.196,15.569,14.303,13.667,14.264,13.019,14.762,21.225,16.412,21.243,38.902,13.139,19.435,14.637,15.559,15.677,16.649,21.475,14.892,13.979,13.01,13.856,15.111,13.26,19.981,16.206,16.23,21.549,15.972,15.042,18.646,19.276,13.06,15.578,16.6,16.278,13.705,15.004,17.536,18.986,13.667,40.441,14.378,17.461,17.848,14.608,15.68,15.321,20.51
25.48,24.558,23.846,22.689,25.167,12.133,18.199,17.807,22,21.74,24.879,25.698,21.124,22.526,23.386,23.639,22.988,13.702,22.527,25.933,21.049,23.715,25.284,24.394,19.623,24.437,22.493,23.566,24.403,22.027,23.555,20.539,21.814,20.111,18.672,23.928,23.319,12.695,17.084,21.157,13.609,26.081,15.699,19.879,22.295,23.56,22.776,13.389,0,22.952,11.113,19.952,21.47,13.391,20.01,9.4397,12.71,11.375,20.268,15.217,11.626,10.994,10.297,9.4899,13.798,14.307,13.203,13.976,12.371,20.085,38.676,13.601,20.533,13.166,14.534,16.501,23.09,19.686,16.509,14.602,14.779,12.204,20.267,13.098,20.406,16.22,18.104,23.709,11.104,19.67,23.196,19.873,13.183,18.818,22.451,17.153,14.066,12.14,22.619,21.263,12.648,37.793,14.432,22.588,23.548,10.783,15.741,15.054,23.199
13.074,9.3371,23.459,22.434,23.485,20.963,18.389,17.569,14.375,16.713,24.359,24.804,14.428,20.583,14.238,23.292,20.947,16.878,22.721,12.85,22.961,24.189,23.994,23.864,13.216,21.89,13.054,22.516,22.772,22.943,24.585,23.303,13.042,16.532,21.44,24.039,22.671,21.874,24.325,22.046,20.829,12.526,16.824,11.382,20.01,19.811,19.636,21.135,22.952,0,19.917,14.566,19.935,26.091,10.694,20.516,16.425,12.745,19.971,10.546,18.797,17.476,16.301,16.613,25.691,18.608,15.433,24.77,19.427,19.924,38.953,15.911,19.766,16.481,15.731,26.418,16.999,19.759,19.359,18.311,16.541,15.576,20.084,15.117,19.332,15.675,17.234,22.932,14.246,19.733,16.537,18.771,15.738,18.743,14.7,13.346,17.154,15.159,15.483,19.314,15.317,37.174,15.162,14.122,21.292,16.204,14.117,14.947,21.484
23.683,22.064,21.202,21.817,22.667,10.664,12.859,11.039,18.814,22.577,21.038,24.159,19.231,21.451,21.145,23.181,20.191,9.7856,19.357,23.549,18.822,21.35,23.962,21.407,17.387,22.069,20.255,21.672,21.921,21.818,21.274,19.187,18.362,15.716,15.683,21.503,20.631,9.3249,16.14,19.621,12.642,23.969,12.571,15.347,20.531,18.665,19.813,13.29,11.113,19.917,0,15.177,18.724,10.808,19.282,9.5866,10.49,10.566,20.431,23.216,11.39,10.813,9.8845,9.3513,9.9308,10.637,9.7507,14.714,15.435,20.076,38.721,12.952,19.363,9.0698,12.552,16.108,17.848,19.931,14.724,11.451,11.553,10.128,17.942,13.338,19.699,14.375,14.73,22.679,12.47,17.093,18.395,19.017,12.451,16.325,16.672,14.238,12.348,12.917,20.384,19.294,12.007,38.474,13.249,20.815,21.514,11.818,12.593,11.696,21.333
20.763,17.167,19.844,20.938,22.235,20.798,17.773,17.995,18.268,21.515,21.851,18.679,17.984,18.345,17.988,20.121,17.49,14.901,22.184,17.868,22.778,20.483,21.152,21.924,16.138,19.916,18.466,19.224,19.292,19.381,19.727,19.142,15.339,16.879,18.521,21.661,20.713,18.603,19.109,20.046,18.518,17.002,16.142,16.294,18.919,17.287,17.4,16.989,19.952,14.566,15.177,0,18.517,19.343,16.619,16.694,17.095,14.246,18.029,16.108,16.91,20.829,14.437,15.932,25.261,20.611,15.426,16.67,22.415,18.786,41.565,16.394,17.155,15.291,13.004,21.83,15.259,19.362,17.203,15.968,15.456,16.186,17.808,14.732,18.334,15.707,15.209,18.841,15.613,17.502,15.815,16.464,14.183,16.958,13.657,13.1,15.853,18.847,15.244,16.266,15.158,39.88,14.574,14.512,17.674,17.908,14.073,14.028,17.822
19.834,21.036,18.747,18.327,19.997,17.79,15.793,18.76,17.996,18.31,19.86,18.307,16.767,15.796,16.912,19.67,15.73,17.111,17.968,21.955,17.863,19.223,18.21,20.226,17.531,18.708,17.433,18.32,17.883,19.076,19.988,17.728,18.192,19.056,14.696,19.62,19.166,17.207,16.555,17.041,18.121,22.849,15.305,20.863,17.08,16.439,15.609,18.845,21.47,19.935,18.724,18.517,0,19.597,21.164,18.713,21.79,21.735,20.655,20.372,17.406,21.238,17.776,17.284,21.467,21.418,16.761,21.55,21.451,19.381,41.923,17.617,19.366,17.709,19.223,21.512,18.546,19.717,17.648,17.637,18.894,20.073,19.711,18.257,19.651,17.348,17.819,20.57,20.179,19.179,19.956,20.073,17.75,18.624,20.11,18.953,19.453,19.121,20.061,19.429,17.769,39.956,17.274,19.87,19.8,19.752,17.804,18.448,20.332
24.201,23.205,23.533,23.476,25.637,12.68,14.68,13.181,20.337,23.604,25.344,25.057,22.306,21.947,22.418,24.014,21.867,14.175,20.769,23.688,20.047,22.444,23.737,22.186,19.57,24.206,21.78,22.35,23.688,21.883,22.921,20.339,22.047,18.29,15.543,24.973,23.66,12.423,15.507,21.253,13.522,24.284,15.466,20.973,23.177,24.129,21.879,14.769,13.391,26.091,10.808,19.343,19.597,0,20.208,11.727,14.348,12.149,20.95,14.269,11.629,13.617,11.267,11.881,12.018,15.515,10.162,11.231,11.542,20.145,38.777,10.157,19.572,10.618,11.941,14.273,15.461,20.365,12.784,11.743,12.327,12.197,16.283,11.668,19.599,12.947,14.69,22.583,12.852,15.618,20.219,20.104,13.053,15.463,20.766,12.46,11.435,11.246,20.924,19.101,11.562,38.728,12.471,21.39,21.982,11.564,12.135,12.89,21.601
11.878,10.399,19.803,17.821,15.934,18.201,17.4,17.288,10.317,16.62,18.237,17.864,8.8107,16.694,10.507,19.134,14.584,16.42,16.416,8.8317,13.874,17.916,19.194,16.455,11.107,12.993,9.0844,18.575,17.302,22.794,20.069,13.591,9.0909,13.748,18.71,16.769,17.342,18.512,20.135,14.701,20.723,10.65,17.118,9.9794,14.371,18.501,16.003,19.323,20.01,10.694,19.282,16.619,21.164,20.208,0,15.481,14.182,13.227,14.012,12.743,16.519,20.076,13.674,14.221,18.577,15.722,14.792,22.738,20.102,10.933,37.774,14.795,14.202,15.097,15.395,25.664,16.373,15.528,17.278,16.129,14.918,14.501,21.796,13.686,14.148,14.683,16.062,19.496,12.639,19.244,15.474,13.403,14.126,18.239,13.828,12.836,14.908,15.017,14.347,14.236,14.621,34.993,14.113,14.775,18.392,19.096,13.733,14.114,17.981
24.273,19.286,21.416,21.393,20.256,11.036,13.205,11.985,19.624,19.582,19.927,20.346,17.872,18.469,16.956,22.473,19.139,10.526,17.292,20.206,17.221,20.243,23.521,21.534,15.207,21.411,18.6,18.459,20.681,20.916,21.068,15.67,16.475,17.203,17.816,20.56,20.198,10.286,13.899,19.465,13.152,24.354,14.375,16.224,18.867,18.659,17.919,12.887,9.4397,20.516,9.5866,16.694,18.713,11.727,15.481,0,9.7596,10.354,19.13,25.65,10.35,10.531,8.8945,8.168,11.66,12.13,11.698,17.401,12.035,18.741,37.568,11.655,19.421,11.439,13.476,15.877,19.361,18.617,15.516,12.414,11.076,10.643,17.66,11.666,18.951,14.832,16.328,22.039,10.743,17.771,21.958,18.653,11.086,16.449,19.145,15.811,12.264,11.765,20.641,18.752,11.922,37.409,13.341,21.1,21.134,10.849,13.122,12.527,21.409
24.324,20.025,20.247,20.806,20.211,10.671,10.925,12.484,17.936,19.599,19.922,18.717,15.882,18.325,17.907,21.076,17.812,10.438,17.152,21.967,16.569,20.949,23.732,20.143,17.27,19.67,17.338,19.246,20.744,22.292,22.38,16.747,15.923,14.966,16.821,19.393,20.503,10.65,13.349,18.601,14.114,23.166,12.13,15.189,18.371,14.022,17.566,14.533,12.71,16.425,10.49,17.095,21.79,14.348,14.182,9.7596,0,11.039,18.974,14.57,11.896,12.32,11.173,10.908,13.651,11.673,11.973,15.659,12.286,19.069,38.934,11.478,19.524,12.081,12.04,18.904,18.311,18.852,13.979,13.698,12.461,10.929,15.963,11.477,19.361,12.004,14.804,21.106,11.332,15.989,18.53,18.472,11.147,14.235,15.762,11.99,12.983,12.807,20.142,19.284,11.584,37.646,11.279,19.452,21.646,12.838,12.839,13.149,20.925
26.816,26.192,23.645,23.542,25.868,17.122,15.926,14.976,21.967,26.032,24.955,26.477,26.201,23.905,23.33,24.101,22.165,12.713,25.512,26.542,24.724,26.169,24.539,25.302,19.761,24.229,23.67,22.643,24.01,22.947,23.818,25.346,26.214,19.101,18.856,24.858,23.965,16.684,21.546,22.688,16.807,26.689,15.215,18.543,23.528,23.74,23.068,17.335,11.375,12.745,10.566,14.246,21.735,12.149,13.227,10.354,11.039,0,21.735,12.288,13.034,10.696,11.658,12.052,9.7501,12.029,11.051,12.898,9.6648,20.992,39.57,11.449,21.814,11.295,11.923,12.239,18.622,21.206,16.472,13.638,13.239,11.459,19.645,13.597,21.962,13.713,15.316,24.484,9.4983,18.019,17.319,21.639,13.862,16.455,16.174,12.118,13.13,11.062,22.998,21.423,12.138,38.588,13.471,16.829,23.441,11.148,13.82,13.318,24.037
9.8933,12.012,13.134,9.4397,8.9476,19.242,20.205,18.174,13.145,12.695,8.629,9.2303,10.581,10.663,10.74,8.7194,9.0951,16.27,9.001,12.066,9.2627,10.957,8.6732,9.2772,11.349,9.0415,12.459,9.1889,9.0959,9.2323,9.5175,8.9672,13.264,17.552,15.863,6.3183,10.558,19.612,19.296,14.051,21.372,9.5353,18.693,16.184,13.207,17.944,10.469,19.832,20.268,19.971,20.431,18.029,20.655,20.95,14.012,19.13,18.974,21.735,0,24.187,20.492,25.619,16.98,17.855,22.483,22.325,20.834,33.985,26.34,13.981,34.028,20.225,8.7142,23.217,25.317,29.403,19.31,9.1279,17.573,16.789,18.628,19.839,15.826,18.885,8.7695,19.246,17.809,14.295,22.103,16.901,16.707,8.6741,18.948,16.18,17.949,20.438,19.753,21.669,16.368,9.7136,18.978,34.327,21.007,18.008,14.939,22.523,19.132,19.822,14.402
23.709,24.392,24.474,20.995,24.595,22.806,17.949,18.037,19.897,25.516,24.798,24.808,24.384,22.528,20.889,23.845,22.642,15.807,24.034,19.94,25.02,23.929,24.176,24.367,15.483,24.969,22.552,23.713,24.212,22.589,23.044,24.685,20.38,20.786,19.614,22.767,23.003,23.97,25.673,23.844,21.078,23.045,16.816,13.46,24.426,23.463,22.569,21.875,15.217,10.546,23.216,16.108,20.372,14.269,12.743,25.65,14.57,12.288,24.187,0,15.742,16.538,13.226,13.406,23.106,20.745,13.492,14.462,13.488,18.396,36.764,14.388,18.892,14.022,14.706,17.706,16.76,18.553,17.092,15.611,13.853,13.645,18.285,13.385,18.553,14.874,15.959,22.585,12.19,17.587,16.088,18.562,14.634,17.074,15.675,11.649,14.849,12.823,20.342,19.609,13.664,36.628,12.937,15.516,21.165,13.183,12.956,13.422,21.773
23.423,23.136,20.802,20.28,22.479,13.056,13.14,12.142,18.384,22.217,21.378,21.393,18.96,20.169,19.959,20.806,20.768,10.74,20.667,22.655,20.433,22.155,21.04,20.92,17.094,21.695,19.548,20.212,21.661,19.269,20.08,20.541,18.663,18.208,16.8,20.99,21.294,12.162,16.593,20.377,13.003,23.268,12.79,15.876,19.096,18.78,20.43,12.196,11.626,18.797,11.39,16.91,17.406,11.629,16.519,10.35,11.896,13.034,20.492,15.742,0,12.865,10.192,9.8898,10.326,11.462,9.5154,13.803,12.07,19.345,39.708,10,18.332,9.724,12.107,17.771,15.74,20.902,13.425,12.484,10.334,10.908,14.324,10.028,18.306,11.422,13.799,21.03,13.046,15.248,18.382,18.166,10.209,15.078,15.697,11.649,10.891,11.482,17.208,17.737,9.8183,39.587,10.073,17.587,18.303,9.341,10.644,12.129,20.254
25.925,25.886,24.662,24.8,26.347,21.607,20.703,21.935,23.035,26.266,25.152,27.483,27.514,22.917,25.093,25.449,24.952,17.436,27.174,27.833,26.83,26.211,25.33,26.146,25.467,27.263,23.486,25.534,24.347,22.701,25.796,26.356,25.145,23.596,21.494,27.95,24.643,21.269,24.249,25.871,19.541,26.272,19.753,23.758,22.976,24.944,26.077,15.569,10.994,17.476,10.813,20.829,21.238,13.617,20.076,10.531,12.32,10.696,25.619,16.538,12.865,0,13.644,13.767,14.418,15.342,15.404,10.39,10.328,21.971,40.506,15.521,22.176,16.717,17.105,10.674,21.119,22.689,19.034,16.166,16.405,14.752,21.323,16.372,22.332,16.812,18.605,25.61,14.358,20.249,22.237,21.994,15.072,19.097,18.927,17.674,15.565,16.073,23.665,22.988,15.813,37.699,16.024,23.485,23.96,14.843,16.845,17.126,24.899
23.399,20.037,19.945,20.103,19.297,11.205,13.216,11.068,17.847,20.159,18.275,16.834,16.9,19.592,19.056,19.731,17.743,9.336,16.239,22.067,16.286,18.903,20.732,19.407,14.718,18.67,17.604,17.98,20.389,21.457,22.197,15.65,16.327,14.426,17.045,17.201,21.688,11.516,16.174,17.911,14.536,23.619,13.704,14.309,18.458,15.839,18.05,14.303,10.297,16.301,9.8845,14.437,17.776,11.267,13.674,8.8945,11.173,11.658,16.98,13.226,10.192,13.644,0,7.8551,13.005,12.283,9.6503,14.588,13.59,17.977,38.764,10.455,17.503,10.283,10.377,17.442,15.424,18.497,14.749,11.917,11.582,9.9604,16.387,10.974,17.827,13.274,13.944,21.653,11.323,17.115,16.657,17.676,10.873,14.454,15.765,10.196,11.08,12.293,17.69,17.526,11.836,36.405,12.03,16.253,18.799,12.612,11.035,12.252,20.996
23.869,19.173,19.769,21.127,19.543,11.021,12.23,11.053,16.767,19.032,18.796,17.828,15.831,18.572,18.022,20.039,17.922,9.3799,17.133,21.184,16.163,19.643,21.325,20.066,18.33,17.407,17.311,18.832,19.694,21.105,21.517,16.022,14.986,16.337,17.287,18.01,20.768,10.886,14.909,18.727,13.543,23.792,13.118,14.888,18.205,18.254,18.255,13.667,9.4899,16.613,9.3513,15.932,17.284,11.881,14.221,8.168,10.908,12.052,17.855,13.406,9.8898,13.767,7.8551,0,12.847,11.427,10.715,15.628,11.364,17.835,37.467,11.693,18.337,10.905,13.889,16.659,18.375,18.509,13.786,11.467,10.958,9.8643,16.614,11.975,18.168,13.886,15.794,22.196,10.919,15.814,19.878,18.065,11.625,15.783,16.793,13.848,11.388,11.795,20.998,18.636,10.709,37.841,12.244,21.456,21.532,12.526,11.303,12.089,21.581
25.507,25.608,24.142,24.581,25.983,12.888,14.596,14.8,20.803,27.416,25.156,26.984,23.123,26.279,23.286,31.834,23.12,13.425,22.741,28.087,22.69,25.094,32.271,23.914,28.953,27.673,22.653,22.505,25.406,27.102,25.993,22.742,23.129,22.39,18.453,28.575,24.02,13.506,17.95,22.209,14.086,25.528,15.978,18.659,25.393,25.028,23.612,14.264,13.798,25.691,9.9308,25.261,21.467,12.018,18.577,11.66,13.651,9.7501,22.483,23.106,10.326,14.418,13.005,12.847,0,12.905,14.225,20.771,18.407,23.329,42.727,17.701,23.579,12.993,16.739,19.22,24.463,23.715,19.455,17.786,17.79,16.142,22.795,17.539,22.898,17.864,19.475,27.061,14.814,22.336,25.194,23.025,17.007,20.359,21.393,18.862,16.662,15.139,24.451,23.316,17.989,39.91,18.049,24.067,24.902,14.372,19.411,18.96,24.998
24.549,23.208,20.691,23.378,24.982,16.315,13.84,18.53,19.567,25.565,23.357,24.367,20.848,22.954,21.907,23.567,20.18,15.852,22.199,23.313,22.611,23.315,24.307,22.328,22.734,22.551,20.499,22.159,23.206,23.308,23.311,22.596,20.243,21.14,20.792,23.035,21.894,14.508,18.383,21.222,16.596,25.172,15.882,17.427,21.609,19.498,20.897,13.019,14.307,18.608,10.637,20.611,21.418,15.515,15.722,12.13,11.673,12.029,22.325,20.745,11.462,15.342,12.283,11.427,12.905,0,14.587,18.765,18.922,22.937,41.82,17.754,23.422,14.992,15.665,20.2,21.834,23.816,19.629,16.639,16.067,15.368,21.719,17.835,23.181,18.62,18.086,24.945,15.639,20.686,24.031,22.172,17.028,18.975,22.979,19.761,17.5,17.598,22.801,23.007,17.08,39.373,18.553,23.13,23.999,15.323,17.632,17.192,24.044
24.563,22.959,21.753,22.979,23.053,10.356,11.665,12.281,17.604,24.58,22.452,24.346,21.04,20.866,20.015,22.636,20.417,11.362,21.206,24.36,19.777,21.534,25.305,21.547,18.335,22.374,19.637,21.237,21.582,23.475,21.204,20.536,17.759,12.841,16.389,20.908,21.992,10.334,16.333,19.669,12.83,25.243,13.047,15.06,21.258,19.011,20.885,14.762,13.203,15.433,9.7507,15.426,16.761,10.162,14.792,11.698,11.973,11.051,20.834,13.492,9.5154,15.404,9.6503,10.715,14.225,14.587,0,15.337,14.303,21.316,40.121,12.973,20.818,11.178,10.933,15.724,18.153,21.51,15.677,13.914,15.267,12.69,18.891,14.806,20.567,14.648,15.146,23.16,12.92,18.482,20.44,20.303,14.22,16.301,17.183,14.307,14.387,13.934,21.463,19.817,13.034,38.473,14.232,21.093,22.393,12.759,15.806,12.472,22.029
26.95,28.441,25.945,27.22,27.185,19.918,19.051,19.72,24.562,27.688,26.948,27.528,24.746,24.502,26.344,26.749,23.613,16.131,26.978,28.901,25.975,28.062,26.623,27.272,26.939,27.615,25.102,25.166,27.824,24.141,25.201,25.434,26.699,20.809,20.214,31.712,25.299,19.646,22.821,25.68,18.447,26.966,20.947,24.203,25.619,26.108,24.605,21.225,13.976,24.77,14.714,16.67,21.55,11.231,22.738,17.401,15.659,12.898,33.985,14.462,13.803,10.39,14.588,15.628,20.771,18.765,15.337,0,9.6597,19.662,38.556,14.849,21.017,14.007,12.932,9.6244,19.217,21.046,18.186,14.828,14.59,13.13,24.384,14.982,21.394,16.11,18.216,26.549,13.191,21.379,18.94,20.814,14.91,18.315,17.978,15.022,14.487,12.893,21.572,21.477,14.913,37.288,14.842,18.935,23.689,11.904,15.439,16.334,25.164
26.293,27.804,25.109,25.511,26.164,19.203,18.674,16.268,23.617,26.095,26.293,26.977,27.317,23.856,26.004,26.74,23.252,13.883,25.437,26.408,25.023,26.582,25.09,26.239,24.058,27.725,25.058,25.397,25.922,23.385,28.119,24.864,25.877,24.176,17.427,30.027,24.152,18.893,22.781,25.705,17.118,26.456,18.082,23.421,24.875,25.715,24.004,16.412,12.371,19.427,15.435,22.415,21.451,11.542,20.102,12.035,12.286,9.6648,26.34,13.488,12.07,10.328,13.59,11.364,18.407,18.922,14.303,9.6597,0,20.719,38.855,12.988,21.455,13.035,13.34,10.592,23.398,21.036,15.895,14.266,13.404,10.827,19.651,12.571,21.316,15.376,16.892,25.158,10.768,18.888,20.607,21.206,12.283,16.375,17.183,14.516,13.088,9.993,23.537,21.785,12.923,38.113,13.148,23.577,24.356,10.85,14.658,14.749,24.499
8.569,8.8682,14.928,12.078,11.35,18.497,20.537,18.353,12.67,12.998,8.7127,7.6794,7.392,13.282,8.9542,13.82,9.9864,17.109,10.284,8.8705,9.0797,9.7652,13.025,10.151,11.145,9.0343,8.9629,13.997,13.122,13.981,16.735,8.1877,9.6319,16.894,16.944,13.368,12.837,20.68,19.873,16.278,22.427,9.3406,20.053,14.751,14.161,17.52,12.282,21.243,20.085,19.924,20.076,18.786,19.381,20.145,10.933,18.741,19.069,20.992,13.981,18.396,19.345,21.971,17.977,17.835,23.329,22.937,21.316,19.662,20.719,0,36.174,21.731,9.823,23.397,25.368,26.84,20.375,10.417,20.615,20.923,22.343,21.868,20.184,21.283,10.622,22.851,19.623,18.398,25.593,21.38,20.925,10.561,20.513,20.721,20.834,23.66,21.955,25.831,14.791,11.576,21.811,33.691,23.371,15.193,18.789,25.647,23.073,22.972,17.491
38.068,37.263,39.851,36.258,36.298,43.71,40.961,41.107,39.02,35.518,36.045,34.935,38.131,37.425,37.941,33.482,38.441,38.54,31.997,35.936,34.684,36.976,34.849,35.659,35.852,35.439,37.984,38.098,34.785,34.122,33.39,33.419,39.495,42.242,36.688,33.971,37.797,42.299,43.533,41.802,41.87,37.002,39.671,40.14,39.055,41.49,37.024,38.902,38.676,38.953,38.721,41.565,41.923,38.777,37.774,37.568,38.934,39.57,34.028,36.764,39.708,40.506,38.764,37.467,42.727,41.82,40.121,38.556,38.855,36.174,0,32.943,31.365,35.647,37.679,37.448,34.077,30.117,30.853,33.462,32.557,34.211,32.164,29.754,30.976,33.399,32.397,33.024,32.896,31.341,33.419,30.777,30.107,32.188,33.15,33.165,31.143,32.205,33.375,31.328,32.23,32.146,31.701,34.002,31.358,32.939,32.438,32.424,34.261
22.486,20.907,20.302,19.955,21.501,10.072,11.353,10.819,14.677,18.959,21.357,20.118,15.428,18.525,17.875,21.235,18.986,9.0184,17.817,21.312,17.051,20.041,22.567,21.113,15.601,18.376,17.17,20.209,21.246,20.305,20.995,17.809,16.186,15.502,15.214,19.405,20.623,9.2145,13.412,17.752,12.084,23.048,11.279,14.928,18.134,18.114,18.054,13.139,13.601,15.911,12.952,16.394,17.617,10.157,14.795,11.655,11.478,11.449,20.225,14.388,10,15.521,10.455,11.693,17.701,17.754,12.973,14.849,12.988,21.731,32.943,0,16.377,8.2622,13.683,16.808,13.964,17.751,11.814,10.872,9.4612,9.3535,15.26,8.742,16.678,9.5008,12.05,19.791,18.678,15.606,17.453,16.673,8.5879,13.597,13.7,10.101,9.0148,14.609,18.384,16.677,7.9217,39.18,11.851,16.157,18.918,15.474,10.443,9.0167,18.417
10.021,10.701,12.515,9.4981,10.795,18.566,20.034,17.815,11.901,14.046,9.5254,10.039,9.3981,10.705,10.718,10.349,7.5865,16.24,10.057,11.421,9.5121,10.459,8.8153,10.052,11.328,9.1236,12.007,10.825,10.09,11.053,12.461,9.3102,11.676,16.447,15.765,8.0535,9.5192,19.366,19.313,13.997,20.552,8.9863,18.622,16.307,12.156,17.879,10.704,19.435,20.533,19.766,19.363,17.155,19.366,19.572,14.202,19.421,19.524,21.814,8.7142,18.892,18.332,22.176,17.503,18.337,23.579,23.422,20.818,21.017,21.455,9.823,31.365,16.377,0,21.648,23.51,27.007,17.426,12.388,17.071,18.085,18.103,19.906,17.166,18.479,7.0618,18.964,17.727,14.472,22.272,17.965,18.29,9.9941,19.394,16.645,19.422,20.359,18.175,22.406,13.037,8.1804,19.116,34.635,20.337,15.625,13.631,21.683,19.668,19.799,12.867
22.463,23.02,21.592,21.115,23.244,9.0463,11.727,9.9428,16.938,21.881,21.881,24.327,20.772,21.114,19.636,24.333,20.171,10.167,19.93,23.258,19.054,22.565,23.801,21.04,17.619,22.781,19.429,20.763,20.669,23.378,20.95,20.067,18.661,16.559,15.741,21.516,22.55,9.0906,15.055,19.868,12.947,22.042,13.211,14.547,21.739,20.014,19.738,14.637,13.166,16.481,9.0698,15.291,17.709,10.618,15.097,11.439,12.081,11.295,23.217,14.022,9.724,16.717,10.283,10.905,12.993,14.992,11.178,14.007,13.035,23.397,35.647,8.2622,21.648,0,12.024,22.34,15.322,20.848,14.278,11.566,11.488,11.058,16.073,13.156,18.946,10.047,13.158,21.59,14.055,15.769,17.958,18.981,11.415,14.626,16.071,11.99,12.397,15.404,16.873,17.481,11.384,39.36,11.445,16.634,17.718,11.626,11.801,12.881,20.073
25.316,24.378,22.809,23.987,25.091,11.61,10.803,13.231,17.958,24.639,23.911,25.331,23.021,22.796,21.645,23.082,22.141,11.331,21.844,25.245,23.425,24.538,24.174,24.537,21.603,24.506,21.666,22.101,23.618,23.211,22.854,22.659,18.53,16.628,15.446,26.459,22.994,10.607,15.926,20.007,13.423,25.859,13.088,15.873,22.415,19.128,20.75,15.559,14.534,15.731,12.552,13.004,19.223,11.941,15.395,13.476,12.04,11.923,25.317,14.706,12.107,17.105,10.377,13.889,16.739,15.665,10.933,12.932,13.34,25.368,37.679,13.683,23.51,12.024,0,15.358,17.629,21.429,16.251,13.91,13.578,11.178,16.915,13.554,20.962,13.375,13.812,22.896,12.071,17.431,18.46,19.91,13.058,16.028,15.458,13.049,13.749,14.447,21.382,21.381,13.326,41.919,13.076,21.413,21.66,11.334,13.702,12.825,21.334
26.607,27.345,25.028,27.084,27.602,24.085,19.856,22.056,23.66,28.55,25.98,28.293,30.975,26.778,27.231,34.055,26.885,17.236,33.068,28.739,26.909,26.55,30.323,24.959,29.396,27.977,27.128,26.209,25.108,24.066,27.671,26.179,26.173,23.621,21.301,30.663,25.087,20.735,24.346,24.546,19.91,27.02,21.114,26.557,26.321,25.693,27.007,15.677,16.501,26.418,16.108,21.83,21.512,14.273,25.664,15.877,18.904,12.239,29.403,17.706,17.771,10.674,17.442,16.659,19.22,20.2,15.724,9.6244,10.592,26.84,37.448,16.808,27.007,22.34,15.358,0,25.658,24.214,24.476,15.06,15.552,13.839,27.983,13.792,23.828,15.831,17.673,26.583,13.391,26.177,23.934,23.118,14.837,25.316,21.822,16.145,15.557,14.352,24.718,23.808,14.494,40.424,14.653,25.102,25.578,11.893,13.604,14.974,25.954
19.56,17.135,18.157,17.057,20.624,13.685,14.038,15.252,14.219,19.545,19.492,18.274,15.674,16.383,15.672,16.91,13.739,14.126,17.222,15.815,17.34,19.56,17.165,18.832,14.205,15.835,15.865,16.446,16.9,17.786,17.806,17.574,17.017,14.523,14.321,18.706,18.658,12.422,15.311,13.608,16.624,15.847,13.767,17.528,13.776,13.664,15.321,16.649,23.09,16.999,17.848,15.259,18.546,15.461,16.373,19.361,18.311,18.622,19.31,16.76,15.74,21.119,15.424,18.375,24.463,21.834,18.153,19.217,23.398,20.375,34.077,13.964,17.426,15.322,17.629,25.658,0,16.956,11.74,9.4877,11.806,16.656,11.462,12.609,15.593,11.164,11.056,14.974,17.23,11.242,12.886,15.43,12.603,10.71,13.348,12.161,13.376,18.515,12.982,14.469,10.625,39.925,13.089,13.567,11.508,18.675,12.332,13.731,13.039
10.661,11.256,15.43,13.674,12.542,19.774,21.266,19.451,14.805,14.068,9.7618,10.349,10.6,11.767,11.218,9.0932,11.27,18.543,8.274,11.242,9.074,10.791,11.427,10.316,12.883,10.907,11.763,14.687,10.272,12.792,17.221,8.5031,16.107,18.57,16.163,12.089,13.84,20.412,19.918,16.173,23.553,10.797,19.86,16.146,15.223,18.575,12.236,21.475,19.686,19.759,19.931,19.362,19.717,20.365,15.528,18.617,18.852,21.206,9.1279,18.553,20.902,22.689,18.497,18.509,23.715,23.816,21.51,21.046,21.036,10.417,30.117,17.751,12.388,20.848,21.429,24.214,16.956,0,19.449,19.055,20.117,19.389,19.432,20.187,10.072,19.968,17.394,16.425,23.799,19.455,19.436,9.4578,20.036,17.892,20.407,20.598,19.932,23.991,14.294,9.8321,19.148,31.169,19.95,19.636,16.005,23.926,20.398,20.501,16.665
21.627,19.298,19.637,18.666,19.36,13.766,11.692,14.696,14.81,18.086,18.983,18.074,15.712,17.621,16.382,16.964,15.631,11.559,17.888,21.112,16.256,19.75,19.156,18.598,14.66,15.974,17.119,17.833,20.386,17.979,18.671,18.206,17.415,14.294,14.605,18.062,18.962,11.601,12.769,15.755,14.448,21.071,11.771,16.733,16.695,11.975,17.702,14.892,16.509,19.359,14.724,17.203,17.648,12.784,17.278,15.516,13.979,16.472,17.573,17.092,13.425,19.034,14.749,13.786,19.455,19.629,15.677,18.186,15.895,20.615,30.853,11.814,17.071,14.278,16.251,24.476,11.74,19.449,0,7.244,9.0914,12.793,10.716,10.253,14.8,9.216,8.9352,16.293,16.348,10.154,16.188,15.09,11.942,9.9072,13.505,12.161,12.619,18.242,15.871,15.036,9.2664,37.017,10.371,16.025,13.992,16.273,11.308,13.933,16.268
20.883,18.535,18.099,18.365,19.246,10.721,10.471,12.462,16.029,20.109,17.689,19.164,16.168,17.655,17.245,17.441,16.16,10.185,16.628,21.525,16.243,18.391,18.155,18.27,16.304,15.548,17.709,17.923,18.904,18.487,18.96,16.989,16.444,12.153,14.357,17.604,18.75,9.9468,10.694,16.909,13.568,20.338,11.008,16.344,17.168,16.605,16.248,13.979,14.602,18.311,11.451,15.968,17.637,11.743,16.129,12.414,13.698,13.638,16.789,15.611,12.484,16.166,11.917,11.467,17.786,16.639,13.914,14.828,14.266,20.923,33.462,10.872,18.085,11.566,13.91,15.06,9.4877,19.055,7.244,0,8.1501,9.7274,12.328,10.006,17.316,10.287,9.3423,17.755,13.305,11.128,15.404,18.074,9.7014,9.944,14.447,11.981,11.617,15.234,15.721,16.317,9.3038,39.714,11.435,14.887,15.114,13.681,9.346,11.377,17.523
21.733,21.136,20.42,19.249,21.338,12.086,12.371,11.818,16.177,20.942,20.207,19.743,16.001,18.061,18.652,18.841,16.328,9.9701,17.43,22.662,18.034,20.444,20.521,19.911,15.045,15.347,18.393,18.675,19.908,18.54,18.441,18.04,16.915,14.705,15.31,18.716,18.831,10.562,15.312,18.953,13.865,21.708,12.125,16.071,17.961,17.514,17.892,13.01,14.779,16.541,11.553,15.456,18.894,12.327,14.918,11.076,12.461,13.239,18.628,13.853,10.334,16.405,11.582,10.958,17.79,16.067,15.267,14.59,13.404,22.343,32.557,9.4612,18.103,11.488,13.578,15.552,11.806,20.117,9.0914,8.1501,0,8.7336,11.967,7.0949,16.163,8.9638,10.808,18.158,12.146,11.167,14.11,16.362,7.2867,11.967,12.72,10.242,9.0223,11.765,14.377,15.681,7.3743,36.735,9.1052,14.164,15.03,10.313,9.7394,8.2187,16.835
25.047,22.338,21.665,21.749,22.699,11.764,13.267,11.797,19.435,22.141,21.317,20.564,18.45,20.49,20.222,20.823,19.235,10.765,18.827,23.762,18.653,21.925,22.396,21.53,17.203,19.633,18.976,20.377,21.487,20.614,21.561,18.766,18.65,15.434,17.527,20.885,20.266,11.117,17.957,20.461,14.627,21.782,13.741,15.663,20.104,17.126,20.128,13.856,12.204,15.576,10.128,16.186,20.073,12.197,14.501,10.643,10.929,11.459,19.839,13.645,10.908,14.752,9.9604,9.8643,16.142,15.368,12.69,13.13,10.827,21.868,34.211,9.3535,19.906,11.058,11.178,13.839,16.656,19.389,12.793,9.7274,8.7336,0,17.292,10.819,17.841,12.695,14.644,21.019,8.3522,16.291,16.19,16.319,10.098,14.743,14.256,10.65,10.551,10.998,17.163,17.233,10.658,36.233,9.5706,15.921,19.991,9.5436,11.912,10.673,20.206
20.342,19.047,17.459,16.221,19.564,16.198,13.375,16.749,15.618,20.767,19.715,19.005,17.995,17.355,18.578,18.499,16.656,14.327,17.312,19.544,17.683,18.926,18.305,18.354,15.206,18.558,18.584,16.686,19.199,17.861,17.917,19.107,19.565,15.798,14.133,16.96,17.305,13.228,13.525,13.836,16.297,17.973,12.53,18.754,16.793,15.143,16.967,15.111,20.267,20.084,17.942,17.808,19.711,16.283,21.796,17.66,15.963,19.645,15.826,18.285,14.324,21.323,16.387,16.614,22.795,21.719,18.891,24.384,19.651,20.184,32.164,15.26,17.166,16.073,16.915,27.983,11.462,19.432,10.716,12.328,11.967,17.292,0,11.229,16.806,10.972,11.629,14.576,15.968,9.0305,11.174,16.808,11.348,10.714,12.397,11.335,11.385,15.17,13.947,15.832,10.952,38.771,12.571,13.293,12.445,13.483,10.47,10.313,14.826
22.666,21.588,20.946,20.389,20.536,12.811,12.636,13.595,15.701,21.458,20.241,18.897,14.429,17.893,16.501,18.071,14.418,10.804,16.448,23.228,17.683,20.142,18.625,20.536,14.586,14.944,16.01,18.713,17.949,19.028,19.391,17.045,16.618,13.143,16.481,17.869,19.566,11.113,16.487,17.061,14.907,22.439,11.84,14.911,17.131,13.775,17.583,13.26,13.098,15.117,13.338,14.732,18.257,11.668,13.686,11.666,11.477,13.597,18.885,13.385,10.028,16.372,10.974,11.975,17.539,17.835,14.806,14.982,12.571,21.283,29.754,8.742,18.479,13.156,13.554,13.792,12.609,20.187,10.253,10.006,7.0949,10.819,11.229,0,15.786,9.3619,12.288,18.32,17.799,13.308,15.993,15.674,6.3207,11.979,12.592,10.419,8.6762,13.355,17.299,16.233,6.7118,36.356,8.8459,15.608,17.578,11.061,10.553,7.3646,18.35
10.006,10.891,12.804,10.104,11.031,18.805,20.141,17.624,13.021,13.408,8.6656,10.544,10.135,10.758,9.9027,9.5095,8.1771,17.16,9.4894,12.734,9.88,10.018,8.5869,8.8329,10.613,9.0515,11.489,10.067,8.9746,10.83,10.047,9.9418,13.974,16.622,16.145,7.9881,9.6246,19.179,18.535,13.429,21.762,10.192,18.872,16.312,13.616,17.579,9.8722,19.981,20.406,19.332,19.699,18.334,19.651,19.599,14.148,18.951,19.361,21.962,8.7695,18.553,18.306,22.332,17.827,18.168,22.898,23.181,20.567,21.394,21.316,10.622,30.976,16.678,7.0618,18.946,20.962,23.828,15.593,10.072,14.8,17.316,16.163,17.841,16.806,15.786,0,19.743,16.446,14.536,21.984,17.488,17.914,8.0805,18.554,16.306,18.532,19.912,18.237,21.895,13.138,7.7766,18.111,33.834,20.097,18.2,14.546,22.591,18.737,19.233,13.014
22.28,21.599,20.529,19.973,21.786,11.806,10.658,12.721,14.374,22.019,20.308,19.781,15.396,19.053,16.995,19.221,14.302,11.481,18.152,22.206,18.149,20.75,18.931,20.173,14.474,14.584,15.491,18.897,18.865,19.277,17.836,19.627,16.825,12.657,13.701,19.422,20.152,10.474,15.08,15.243,14.245,21.573,12.084,15.704,17.969,13.069,16.753,16.206,16.22,15.675,14.375,15.707,17.348,12.947,14.683,14.832,12.004,13.713,19.246,14.874,11.422,16.812,13.274,13.886,17.864,18.62,14.648,16.11,15.376,22.851,33.399,9.5008,18.964,10.047,13.375,15.831,11.164,19.968,9.216,10.287,8.9638,12.695,10.972,9.3619,19.743,0,10.11,18.185,12.833,12.785,12.89,14.458,10.069,12.322,10.288,10.738,11.272,14.371,12.978,14.048,9.6877,39.228,7.734,10.68,15.886,13.122,10.134,8.935,17.442
22.029,18.264,18.354,16.812,18.738,12.739,11.463,14.093,15.055,20.685,18.299,19.065,17.309,17.542,17.07,18.57,14.926,13.632,16.972,19.386,16.691,18.867,17.283,17.514,14.277,16.202,16.357,18.001,18.091,19.082,17.744,17.928,16.146,12.211,14.302,17.704,17.684,11.055,10.735,11.505,15.794,22.344,13.037,16.757,16.883,11.772,15.485,16.23,18.104,17.234,14.73,15.209,17.819,14.69,16.062,16.328,14.804,15.316,17.809,15.959,13.799,18.605,13.944,15.794,19.475,18.086,15.146,18.216,16.892,19.623,32.397,12.05,17.727,13.158,13.812,17.673,11.056,17.394,8.9352,9.3423,10.808,14.644,11.629,12.288,16.446,10.11,0,16.436,16.623,11.813,13.875,16.594,14.508,10.199,12.051,11.422,17.14,18.743,13.541,15.474,12.887,37.93,12.562,12.051,14.122,16.587,11.322,12.983,15.847
17.538,16.561,16.637,14.787,17.363,20.994,19.28,20.867,14.943,16.613,16.689,17.488,16.079,15.114,16.373,15.794,13.989,19.225,15.795,17.544,14.582,15.986,16.078,14.911,13.618,15.979,17.78,15.57,16.174,15.63,15.665,15.896,17.353,19.476,17.76,13.901,15.365,19.582,18.196,13.562,22.707,16.181,18.586,20.078,15.021,18.418,13.981,21.549,23.709,22.932,22.679,18.841,20.57,22.583,19.496,22.039,21.106,24.484,14.295,22.585,21.03,25.61,21.653,22.196,27.061,24.945,23.16,26.549,25.158,18.398,33.024,19.791,14.472,21.59,22.896,26.583,14.974,16.425,16.293,17.755,18.158,21.019,14.576,18.32,14.536,18.185,16.436,0,21.24,13.619,16.381,15.022,17.518,14.266,13.158,16.724,17.024,18.902,11.982,13.515,16.232,39.009,17.391,13.529,6.8776,21.345,15.992,15.783,7.7146
20.328,24.512,23.424,23.207,24.83,16.924,14.602,13.45,21.229,23.525,23.701,23.987,19.613,20.483,20.427,22.057,20.798,12.037,21.73,24.961,23.978,24.224,23.462,23.066,16.316,21.917,19.458,21.023,22.308,21.004,21.784,22.278,20.091,18.289,18.772,23.415,22.99,16.106,20.831,21.214,16.176,20.608,15.066,14.084,21.589,18.278,21.75,15.972,11.104,14.246,12.47,15.613,20.179,12.852,12.639,10.743,11.332,9.4983,22.103,12.19,13.046,14.358,11.323,10.919,14.814,15.639,12.92,13.191,10.768,25.593,32.896,18.678,22.272,14.055,12.071,13.391,17.23,23.799,16.348,13.305,12.146,8.3522,15.968,17.799,21.984,12.833,16.623,21.24,0,17.623,18.616,19.012,12.424,16.462,16.115,13.589,12.485,9.971,20.581,19.668,12.856,35.973,12.402,19.163,20.586,9.164,11.1,11.509,21.38
20.287,19.894,19.406,17.773,20.216,14.849,12.899,16.093,14.808,19.351,19.611,18.437,18.022,17.909,17.801,18.269,15.911,13.961,17.451,20.148,17.695,18.964,19.701,18.335,14.602,16.747,17.216,16.798,19.192,18.444,16.821,19.167,19.21,14.86,13.865,18.095,18.672,12.126,12.336,14.834,15.899,18.477,12.295,18.535,16.999,13.782,16.639,15.042,19.67,19.733,17.093,17.502,19.179,15.618,19.244,17.771,15.989,18.019,16.901,17.587,15.248,20.249,17.115,15.814,22.336,20.686,18.482,21.379,18.888,21.38,31.341,15.606,17.965,15.769,17.431,26.177,11.242,19.455,10.154,11.128,11.167,16.291,9.0305,13.308,17.488,12.785,11.813,13.619,17.623,0,12.708,16.323,13.689,9.3181,13.959,13.12,14.29,16.477,14.823,16.598,11.365,38.972,12.953,14.581,12.904,15.145,12.135,13.247,15.038
15.61,13.353,19.353,18.507,20.549,17.291,14.035,15.683,12.861,19.616,19.545,20.622,14.653,15.974,15.514,18.999,13.516,14.321,18.379,13.867,18.62,19.896,19.751,18.603,10.986,17.283,15.894,17.482,17.958,18.031,17.178,20.02,16.214,15.182,13.509,18.928,18.554,17.278,18.631,15.99,17.761,13.56,13.591,15.667,15.8,14.992,17.132,18.646,23.196,16.537,18.395,15.815,19.956,20.219,15.474,21.958,18.53,17.319,16.707,16.088,18.382,22.237,16.657,19.878,25.194,24.031,20.44,18.94,20.607,20.925,33.419,17.453,18.29,17.958,18.46,23.934,12.886,19.436,16.188,15.404,14.11,16.19,11.174,15.993,17.914,12.89,13.875,16.381,18.616,12.708,0,14.493,12.967,13.4,10.308,8.8,13.309,13.537,10.876,14.425,11.853,40.476,12.31,10.223,12.665,13.552,11.075,11.074,14.06
10.243,9.7477,10.78,9.8324,10.945,18.31,19.727,18.084,11.943,14.324,9.1289,10.241,9.6249,12.018,11.035,9.92,8.4108,17.226,8.6417,13.21,8.9354,10.367,9.4965,9.6705,10.803,10.184,11.395,9.8941,9.6263,12.578,10.628,10.366,10.696,16.159,15.78,9.1401,8.1323,19.318,18.774,13.156,21.228,8.4519,17.847,14.819,12.878,17.719,9.5664,19.276,19.873,18.771,19.017,16.464,20.073,20.104,13.403,18.653,18.472,21.639,8.6741,18.562,18.166,21.994,17.676,18.065,23.025,22.172,20.303,20.814,21.206,10.561,30.777,16.673,9.9941,18.981,19.91,23.118,15.43,9.4578,15.09,18.074,16.362,16.319,16.808,15.674,8.0805,14.458,16.594,15.022,19.012,16.323,14.493,0,18.877,18.279,17.839,19.471,19.769,20.772,10.552,7.9661,19.433,34.363,19.813,18.976,14.031,21.385,18.622,18.698,13.3
23.089,22.295,21.535,19.963,20.768,12.613,12.959,12.807,15.559,20.703,19.132,19.875,14.142,17.878,17.239,19.921,16.464,10.971,16.4,22.518,19.042,21.601,20.816,20.336,14.858,15.309,16.942,19.333,16.815,19.446,20.124,19.146,15.806,13.607,16.109,18.537,20.365,11.584,16.94,18.382,14.738,22.98,11.691,14.877,17.713,13.562,18.157,13.06,13.183,15.738,12.451,14.183,17.75,13.053,14.126,11.086,11.147,13.862,18.948,14.634,10.209,15.072,10.873,11.625,17.007,17.028,14.22,14.91,12.283,20.513,30.107,8.5879,19.394,11.415,13.058,14.837,12.603,20.036,11.942,9.7014,7.2867,10.098,11.348,6.3207,18.554,10.069,14.508,17.518,12.424,13.689,12.967,18.877,0,12.985,13.429,10.322,9.9789,13.711,18.038,16.558,8.3369,37.301,8.2709,16.419,18.858,12.871,11.037,8.3756,18.992
20.862,18.934,18.221,16.822,18.454,12.78,11.484,14.454,16.194,18.909,17.732,16.631,16.525,15.76,15.725,16.571,14.572,11.43,16.462,19.913,15.106,17.843,18.618,16.894,13.066,16.369,17.101,17.365,17.447,18.443,18.059,17.032,16.175,13.298,14.355,15.831,18.096,12.339,10.805,12.561,15.162,18.953,12.526,17.736,16.618,12.56,13.628,15.578,18.818,18.743,16.325,16.958,18.624,15.463,18.239,16.449,14.235,16.455,16.18,17.074,15.078,19.097,14.454,15.783,20.359,18.975,16.301,18.315,16.375,20.721,32.188,13.597,16.645,14.626,16.028,25.316,10.71,17.892,9.9072,9.944,11.967,14.743,10.714,11.979,16.306,12.322,10.199,14.266,16.462,9.3181,13.4,18.279,12.985,0,14.775,11.519,12.229,16.311,15.161,16.469,10.882,37.42,12.194,14.415,13.676,14.84,11.206,13.507,15.16
13.802,13.965,15.499,18.206,21.111,16.974,15.661,15.82,12.876,16.407,20.624,20.786,13.596,14.302,13.625,19.669,12.751,13.662,18.938,13.67,18.731,20.701,19.688,18.858,11.469,15.321,14.128,15.659,15.28,17.17,17.954,20.785,14.495,14.025,15.328,18.972,19.142,17.122,19.25,16.462,19.276,11.87,13.899,14.967,16.102,15.675,13.742,16.6,22.451,14.7,16.672,13.657,20.11,20.766,13.828,19.145,15.762,16.174,17.949,15.675,15.697,18.927,15.765,16.793,21.393,22.979,17.183,17.978,17.183,20.834,33.15,13.7,19.422,16.071,15.458,21.822,13.348,20.407,13.505,14.447,12.72,14.256,12.397,12.592,18.532,10.288,12.051,13.158,16.115,13.959,10.308,17.839,13.429,14.775,0,8.7818,10.154,11.828,11.436,15.018,9.2746,36.358,10.67,10.546,13.154,21.118,8.5693,9.0697,15.176
22.296,21.563,21.555,20.53,23.034,12.606,12.874,11.339,15.303,21.685,21.394,20.41,14.702,18.289,16.503,19.617,14.819,10.599,19.517,19.375,20.163,21.96,21.286,20.596,13.526,17.744,16.867,17.768,19.203,19.774,19.608,20.409,15.591,13.427,14.926,20.559,20.912,11.127,16.633,17.525,15.226,21.176,12.542,13.83,18.63,13.975,18.505,16.278,17.153,13.346,14.238,13.1,18.953,12.46,12.836,15.811,11.99,12.118,20.438,11.649,11.649,17.674,10.196,13.848,18.862,19.761,14.307,15.022,14.516,23.66,33.165,10.101,20.359,11.99,13.049,16.145,12.161,20.598,12.161,11.981,10.242,10.65,11.335,10.419,19.912,10.738,11.422,16.724,13.589,13.12,8.8,19.471,10.322,11.519,8.7818,0,10.946,10.579,16.894,16.757,9.6095,35.635,8.2485,12.385,16.65,11.572,9.1049,9.2951,17.474
21.861,22.742,21.08,20.492,21.412,14.533,13.903,13.702,19.201,22.696,21.174,19.897,16.287,19.462,19.63,19.313,18.248,11.116,18.516,22.654,18.596,21.242,19.561,19.94,17.681,18.861,19.213,19.542,21.054,19.132,19.434,18.872,18.553,16.504,15.245,18.944,20.835,12.263,18.94,20.508,14.58,21.99,12.889,15.784,18.505,18.903,18.518,13.705,14.066,17.154,12.348,15.853,19.453,11.435,14.908,12.264,12.983,13.13,19.753,14.849,10.891,15.565,11.08,11.388,16.662,17.5,14.387,14.487,13.088,21.955,31.143,9.0148,18.175,12.397,13.749,15.557,13.376,19.932,12.619,11.617,9.0223,10.551,11.385,8.6762,18.237,11.272,17.14,17.024,12.485,14.29,13.309,19.769,9.9789,12.229,10.154,10.946,0,8.2775,14.323,14.739,7.1039,34.697,7.9665,12.407,15.656,7.6214,8.1976,9.3449,18.505
19.821,25.162,23.022,22.12,24.592,18.741,17.328,15.914,21.516,21.333,23.357,24.515,20.714,21.647,23.586,22.145,22.56,12.954,22.081,24.568,22.761,23.946,22.751,22.285,18.742,23.85,22.911,21.314,22.316,20.483,20.697,23.05,24.034,19.635,15.954,23.073,22.4,18.108,21.856,22.428,16.657,18.334,16.174,16.71,22.05,19.709,22.21,15.004,12.14,15.159,12.917,18.847,19.121,11.246,15.017,11.765,12.807,11.062,21.669,12.823,11.482,16.073,12.293,11.795,15.139,17.598,13.934,12.893,9.993,25.831,32.205,14.609,22.406,15.404,14.447,14.352,18.515,23.991,18.242,15.234,11.765,10.998,15.17,13.355,21.895,14.371,18.743,18.902,9.971,16.477,13.537,20.772,13.711,16.311,11.828,10.579,8.2775,0,18.76,18.042,9.1647,33.817,8.9195,15.322,19.309,8.8977,11.962,10.451,20.081
12.56,11.407,13.342,14.634,15.456,18.401,17.345,17.925,13.446,15.97,13.007,15.502,12.651,14.175,12.932,18.561,11.627,16.068,15.351,12.862,12.878,15.062,16.035,12.955,10.812,13.007,13.232,14.123,13.264,16.241,16.551,14.768,13.682,16.042,17.752,14.658,12.194,18.173,18.496,13.446,20.066,11.165,16.3,15.414,14.429,16.795,11.262,17.536,22.619,15.483,20.384,15.244,20.061,20.924,14.347,20.641,20.142,22.998,16.368,20.342,17.208,23.665,17.69,20.998,24.451,22.801,21.463,21.572,23.537,14.791,33.375,18.384,13.037,16.873,21.382,24.718,12.982,14.294,15.871,15.721,14.377,17.163,13.947,17.299,13.138,12.978,13.541,11.982,20.581,14.823,10.876,10.552,18.038,15.161,11.436,16.894,14.323,18.76,0,10.98,17.52,40.184,18.57,8.5542,11.186,20.533,16.876,16.818,11.865
10.225,10.961,12.335,9.9531,13.107,18.343,19.413,17.31,12.072,14.986,10.119,11.696,10.986,12.008,10.031,10.609,8.5094,16.773,10.661,10.755,9.7681,10.585,10.306,9.4589,10.61,10.386,11.673,11.656,9.5628,11.2,9.9853,10.3,12.706,16.361,17.109,10.559,9.0949,19.201,18.636,14.064,20.493,9.7091,18.123,15.384,13.397,17.731,9.5308,18.986,21.263,19.314,19.294,16.266,19.429,19.101,14.236,18.752,19.284,21.423,9.7136,19.609,17.737,22.988,17.526,18.636,23.316,23.007,19.817,21.477,21.785,11.576,31.328,16.677,8.1804,17.481,21.381,23.808,14.469,9.8321,15.036,16.317,15.681,17.233,15.832,16.233,7.7766,14.048,15.474,13.515,19.668,16.598,14.425,7.9661,16.558,16.469,15.018,16.757,14.739,18.042,10.98,0,18.852,34.45,19.462,18.08,15.607,20.551,17.731,17.724,13.265
22.46,21.917,21.186,20.151,20.938,11.67,11.452,12.47,16.185,20.827,19.904,19.031,16.125,17.926,17.696,17.899,16.684,9.7745,17.263,22.634,17.086,20.668,19.189,20.218,14.591,15.572,17.464,19.312,20.105,19.24,20.119,17.502,17.94,13.161,15.414,18.743,20.592,9.9287,15.764,19.078,13.979,22.39,11.387,15.424,17.034,14.205,18.456,13.667,12.648,15.317,12.007,15.158,17.769,11.562,14.621,11.922,11.584,12.138,18.978,13.664,9.8183,15.813,11.836,10.709,17.989,17.08,13.034,14.913,12.923,21.811,32.23,7.9217,19.116,11.384,13.326,14.494,10.625,19.148,9.2664,9.3038,7.3743,10.658,10.952,6.7118,18.111,9.6877,12.887,16.232,12.856,11.365,11.853,19.433,8.3369,10.882,9.2746,9.6095,7.1039,9.1647,17.52,18.852,0,37.722,9.0115,15.673,18.007,11.198,7.3867,8.2183,17.576
36.764,40.486,41.739,35.511,34.797,44.252,43.381,40.822,41.236,36.644,34.92,34.53,36.5,38.179,38.055,34.193,38.564,40.724,33.219,36.337,35.33,35.912,34.208,35.539,36.925,38.032,36.738,35.988,35.624,38.356,34.149,34.577,35.629,41.993,38.255,34.377,40.206,43.392,45.036,42.425,44.35,35.623,42.957,39.584,41.214,43.088,37.871,40.441,37.793,37.174,38.474,39.88,39.956,38.728,34.993,37.409,37.646,38.588,34.327,36.628,39.587,37.699,36.405,37.841,39.91,39.373,38.473,37.288,38.113,33.691,32.146,39.18,34.635,39.36,41.919,40.424,39.925,31.169,37.017,39.714,36.735,36.233,38.771,36.356,33.834,39.228,37.93,39.009,35.973,38.972,40.476,34.363,37.301,37.42,36.358,35.635,34.697,33.817,40.184,34.45,37.722,0,36.065,37.797,37.927,36.358,37.157,37.022,39.865
22.687,23.203,22.056,20.742,21.684,11.479,12.753,12.527,13.848,21.205,21.157,19.434,13.56,17.734,15.814,18.329,15.23,9.3138,18.206,23.318,18.882,21.134,21.068,21.365,13.991,14.947,13.867,19.256,18.532,18.974,18.656,18.199,16.056,13.08,14.825,19.651,21.35,11.916,16.307,19.051,14.138,22.663,12.553,14.122,17.726,13.002,17.473,14.378,14.432,15.162,13.249,14.574,17.274,12.471,14.113,13.341,11.279,13.471,21.007,12.937,10.073,16.024,12.03,12.244,18.049,18.553,14.232,14.842,13.148,23.371,31.701,11.851,20.337,11.445,13.076,14.653,13.089,19.95,10.371,11.435,9.1052,9.5706,12.571,8.8459,20.097,7.734,12.562,17.391,12.402,12.953,12.31,19.813,8.2709,12.194,10.67,8.2485,7.9665,8.9195,18.57,19.462,9.0115,36.065,0,15.805,18.243,11.05,10.397,9.1268,18.584
13.37,12.388,19.825,17.299,17.725,16.865,14.283,16.523,11.843,15.749,21.071,20.031,13.169,15.359,13.567,19.451,11.529,13.852,18.333,11.82,18.619,20.502,19.795,19.468,10.673,14.436,12.645,16.19,16.373,18.343,16.712,18.461,14.583,13.681,13.817,19.505,19.037,17.056,18.475,15.258,17.088,11.684,13.764,14.94,14.055,14.35,11.388,17.461,22.588,14.122,20.815,14.512,19.87,21.39,14.775,21.1,19.452,16.829,18.008,15.516,17.587,23.485,16.253,21.456,24.067,23.13,21.093,18.935,23.577,15.193,34.002,16.157,15.625,16.634,21.413,25.102,13.567,19.636,16.025,14.887,14.164,15.921,13.293,15.608,18.2,10.68,12.051,13.529,19.163,14.581,10.223,18.976,16.419,14.415,10.546,12.385,12.407,15.322,8.5542,18.08,15.673,37.797,15.805,0,12.552,20.968,9.6742,10.131,13.183
15.336,15.773,16.75,14.425,16.688,20.235,17.122,18.72,15.466,15.932,16.001,16.979,15.531,14.92,15.617,15.328,14.045,17.414,14.552,15.464,14.203,17.622,15.039,15.332,13.723,14.858,15.935,14.858,15.404,15.09,15.721,14.977,16.758,17.287,16.385,14.461,15.544,17.31,17.414,12.218,21.698,14.992,16.894,18.694,14.604,16.602,13.971,17.848,23.548,21.292,21.514,17.674,19.8,21.982,18.392,21.134,21.646,23.441,14.939,21.165,18.303,23.96,18.799,21.532,24.902,23.999,22.393,23.689,24.356,18.789,31.358,18.918,13.631,17.718,21.66,25.578,11.508,16.005,13.992,15.114,15.03,19.991,12.445,17.578,14.546,15.886,14.122,6.8776,20.586,12.904,12.665,14.031,18.858,13.676,13.154,16.65,15.656,19.309,11.186,15.607,18.007,37.927,18.243,12.552,0,17.306,14.207,16.061,8.7408
24.63,25.68,23.448,22.28,24.956,15.142,13.915,12.821,19.403,24.079,23.204,24.723,22.137,21.567,22.337,22.029,21.424,12.717,22.75,25.442,23.15,24.222,22.7,22.977,23.459,23.788,20.953,20.959,23.315,20.724,21.698,23.24,25.167,20.864,16.73,23.523,22.87,14.337,19.711,21.567,14.117,21.977,13.37,15.12,22.225,23.731,21.679,14.608,10.783,16.204,11.818,17.908,19.752,11.564,19.096,10.849,12.838,11.148,22.523,13.183,9.341,14.843,12.612,12.526,14.372,15.323,12.759,11.904,10.85,25.647,32.939,15.474,21.683,11.626,11.334,11.893,18.675,23.926,16.273,13.681,10.313,9.5436,13.483,11.061,22.591,13.122,16.587,21.345,9.164,15.145,13.552,21.385,12.871,14.84,21.118,11.572,7.6214,8.8977,20.533,20.551,11.198,36.358,11.05,20.968,17.306,0,12.207,11.952,21.215
22.536,22.199,20.351,19.154,22.133,12.914,11.955,13.46,13.563,21.785,20.423,19.385,14.677,16.33,16.016,18.555,13.691,10.521,18.616,19.178,18.9,20.97,20.201,20.056,16.245,17.556,15.99,18.986,17.863,18.167,18.143,19.956,17.121,11.566,14.676,19.059,20.709,11.357,15.05,16.066,15.13,22.765,12.463,14.019,17.249,13.365,17.014,15.68,15.741,14.117,12.593,14.073,17.804,12.135,13.733,13.122,12.839,13.82,19.132,12.956,10.644,16.845,11.035,11.303,19.411,17.632,15.806,15.439,14.658,23.073,32.438,10.443,19.668,11.801,13.702,13.604,12.332,20.398,11.308,9.346,9.7394,11.912,10.47,10.553,18.737,10.134,11.322,15.992,11.1,12.135,11.075,18.622,11.037,11.206,8.5693,9.1049,8.1976,11.962,16.876,17.731,7.3867,37.157,10.397,9.6742,14.207,12.207,0,8.8662,18.104
23.102,21.778,20.17,19.77,22.352,15.746,12.248,12.713,14.415,21.635,21.019,21.328,16.126,17.768,17.586,19.134,15.937,10.972,19.19,21.952,19.449,21.159,20.812,19.995,14.028,20.744,17.67,18.73,18.773,18.955,18.37,20.586,17.012,13.806,15.654,20.432,19.871,12.249,17.11,17.441,14.763,20.967,11.832,14.824,18.167,14.715,18.682,15.321,15.054,14.947,11.696,14.028,18.448,12.89,14.114,12.527,13.149,13.318,19.822,13.422,12.129,17.126,12.252,12.089,18.96,17.192,12.472,16.334,14.749,22.972,32.424,9.0167,19.799,12.881,12.825,14.974,13.731,20.501,13.933,11.377,8.2187,10.673,10.313,7.3646,19.233,8.935,12.983,15.783,11.509,13.247,11.074,18.698,8.3756,13.507,9.0697,9.2951,9.3449,10.451,16.818,17.724,8.2183,37.022,9.1268,10.131,16.061,11.952,8.8662,0,18.434
15.562,16.012,15.512,12.741,15.825,19.313,19.111,20.341,14.937,16.812,15.864,17.056,16.518,15.383,16.203,15.683,12.507,19.157,14.455,16.328,14.522,16.361,15.072,14.855,13.398,15.137,17.015,14.938,15.606,15.206,14.365,15.807,16.975,18.113,17.687,12.714,14.633,19.392,18.291,10.529,21.948,14.601,17.666,18.961,14.447,17.153,13.012,20.51,23.199,21.484,21.333,17.822,20.332,21.601,17.981,21.409,20.925,24.037,14.402,21.773,20.254,24.899,20.996,21.581,24.998,24.044,22.029,25.164,24.499,17.491,34.261,18.417,12.867,20.073,21.334,25.954,13.039,16.665,16.268,17.523,16.835,20.206,14.826,18.35,13.014,17.442,15.847,7.7146,21.38,15.038,14.06,13.3,18.992,15.16,15.176,17.474,18.505,20.081,11.865,13.265,17.576,39.865,18.584,13.183,8.7408,21.215,18.104,18.434,0
